


SELECT pg_catalog.set_config('search_path', '', false);


INSERT INTO public.courses (id, title, description, pdf_file_path, total_pages, price_independent, is_active, created_at, updated_at) VALUES (1, 'Code de la Route Complet', 'Guide complet du code de la route tunisien - Tous les chapitres essentiels pour r+¬ussir votre examen', '/uploads/code_route_complet.pdf', 18, 50.00, true, '2025-12-29 20:05:09.210933', '2025-12-29 20:05:09.210933');



INSERT INTO public.users (id, name, identifier, password_hash, role, created_at) VALUES ('cb8af3b0-863c-4c09-8a17-ec91078ae347', 'Yahya', '55512345', '$2b$10$Bdg3VJcpp6sxzHKtf8wMdO2w1k2row2gMzGOytXxCzPH/IvwWejDO', 'student', '2025-12-23 20:47:38.247551');
INSERT INTO public.users (id, name, identifier, password_hash, role, created_at) VALUES ('787149f8-3d64-4ecf-92ad-fe8787100d23', 'Yahya', '23156890', '$2b$10$b.oal2OluK5s2h5BJlY6Le9gBP5rIjx.dWwKXUiAgkq6s/6BJ9anG', 'admin', '2025-12-24 14:19:22.640129');
INSERT INTO public.users (id, name, identifier, password_hash, role, created_at) VALUES ('c649e52f-e466-4448-a338-ba89eb0fef8d', 'Admin', 'admin@email.com', '$2b$10$XJXKrHkSU661HwpIcNscDup8BXxZJpcdLVlI.v0lo/4t5iJ2f7Yvu', 'student', '2025-12-25 16:06:10.573117');
INSERT INTO public.users (id, name, identifier, password_hash, role, created_at) VALUES ('6b9f12f3-efad-46a0-a7c1-d66ad1421f61', 'Auto-+¬cole Nabeul', 'nabeul@school.tn', '$2b$10$hDJg1sUm3FebsJUkOepAoea6hs8QdPvQzmCjUCRvHPrj5qwmgeehi', 'school', '2025-12-25 16:57:16.006088');
INSERT INTO public.users (id, name, identifier, password_hash, role, created_at) VALUES ('61826f30-5241-498b-8038-86a20b4efa51', 'Nabeul auto-ecole', '99142648', '$2b$10$SzlPU0Vjr.X0iOJhCiY1S.PuCSOONJLcJ6n.luO/jkWR3jO41zmke', 'school', '2025-12-26 17:59:18.163259');
INSERT INTO public.users (id, name, identifier, password_hash, role, created_at) VALUES ('fc71e727-ae08-4ccc-a26e-4e082ede779c', 'Zeineb', '00000000', '$2b$10$MdeEWqtXwYrXFe7anNhfReqXrmi.Hqu2WYS1OhVyYwIafoh9oq6UC', 'student', '2025-12-27 12:32:27.365254');
INSERT INTO public.users (id, name, identifier, password_hash, role, created_at) VALUES ('6f1c32b8-12e3-43b3-92cf-6945d9814277', 'Yahyagarali', '99806767', '$2b$10$93iyu09zzEef36IFHfzK5uJIPTyjcWUfPmK.q8/6nrK9P3fHIaz6i', 'student', '2025-12-28 18:30:32.633858');
INSERT INTO public.users (id, name, identifier, password_hash, role, created_at) VALUES ('ba287adc-6501-4fdc-894a-8e90f9860ac7', 'Yahya', '22222222222', '$2b$10$1Yvbi/sswv.2k3VavpyNmeKY9YFoxVqfuAjdrfwb.QusiKTg3jVTG', 'student', '2025-12-30 11:43:53.231239');



INSERT INTO public.students (id, user_id, student_type, school_id, subscription_start, subscription_end, onboarding_complete, access_method, payment_verified, subscription_status, school_approval_status, school_attached_at, school_approved_at, is_active, access_level, subscription_type) VALUES ('95553eda-18ad-474a-8434-02c315c73d73', '787149f8-3d64-4ecf-92ad-fe8787100d23', 'independent', NULL, NULL, NULL, false, NULL, false, NULL, NULL, NULL, NULL, false, 'none', NULL);
INSERT INTO public.students (id, user_id, student_type, school_id, subscription_start, subscription_end, onboarding_complete, access_method, payment_verified, subscription_status, school_approval_status, school_attached_at, school_approved_at, is_active, access_level, subscription_type) VALUES ('478c975a-ff8d-4033-bc49-753a0e9ed96c', 'cb8af3b0-863c-4c09-8a17-ec91078ae347', 'independent', NULL, '2025-12-24 14:33:07.966', '2026-01-23 14:33:07.966', false, NULL, false, NULL, NULL, NULL, NULL, false, 'none', NULL);
INSERT INTO public.students (id, user_id, student_type, school_id, subscription_start, subscription_end, onboarding_complete, access_method, payment_verified, subscription_status, school_approval_status, school_attached_at, school_approved_at, is_active, access_level, subscription_type) VALUES ('aad97d9d-a572-4144-aee7-4190475c1bca', 'fc71e727-ae08-4ccc-a26e-4e082ede779c', 'independent', '16d8b5ac-dca9-4398-b304-648a56c2d216', NULL, NULL, false, NULL, false, NULL, NULL, NULL, NULL, false, 'none', NULL);
INSERT INTO public.students (id, user_id, student_type, school_id, subscription_start, subscription_end, onboarding_complete, access_method, payment_verified, subscription_status, school_approval_status, school_attached_at, school_approved_at, is_active, access_level, subscription_type) VALUES ('a5a664d0-d4dd-499b-989b-9eba33c98503', 'c649e52f-e466-4448-a338-ba89eb0fef8d', 'independent', NULL, '2025-12-28 14:19:53.583', '2026-01-27 14:19:53.583', false, NULL, false, NULL, NULL, NULL, NULL, false, 'none', NULL);
INSERT INTO public.students (id, user_id, student_type, school_id, subscription_start, subscription_end, onboarding_complete, access_method, payment_verified, subscription_status, school_approval_status, school_attached_at, school_approved_at, is_active, access_level, subscription_type) VALUES ('081c6e43-6353-464f-a7a0-df133b59651d', 'ba287adc-6501-4fdc-894a-8e90f9860ac7', 'attached_to_school', '00000000-0000-0000-0000-000000000000', NULL, NULL, true, 'school_linked', false, NULL, 'approved', '2025-12-30 11:44:23.422035', '2025-12-30 11:44:23.422035', true, 'full', NULL);
INSERT INTO public.students (id, user_id, student_type, school_id, subscription_start, subscription_end, onboarding_complete, access_method, payment_verified, subscription_status, school_approval_status, school_attached_at, school_approved_at, is_active, access_level, subscription_type) VALUES ('5b96c763-c976-4a35-8d27-17d9378a5f35', '6f1c32b8-12e3-43b3-92cf-6945d9814277', 'attached_to_school', '16d8b5ac-dca9-4398-b304-648a56c2d216', '2026-01-01 16:18:35.811', '2026-01-31 16:18:35.811', true, 'school_linked', false, NULL, 'approved', '2025-12-28 19:19:02.170818', '2025-12-29 16:22:00.465446', true, 'full', NULL);






INSERT INTO public.course_chapters (id, course_id, chapter_number, title, start_page, end_page, description, created_at) VALUES (1, 1, 1, 'Introduction au Code', 1, 3, 'Les bases du code de la route', '2025-12-29 20:05:09.210933');
INSERT INTO public.course_chapters (id, course_id, chapter_number, title, start_page, end_page, description, created_at) VALUES (2, 1, 2, 'Signalisation Routi+¿re', 4, 7, 'Panneaux et marquages au sol', '2025-12-29 20:05:09.210933');
INSERT INTO public.course_chapters (id, course_id, chapter_number, title, start_page, end_page, description, created_at) VALUES (3, 1, 3, 'R+¿gles de Circulation', 8, 12, 'Priorit+¬s et r+¿gles essentielles', '2025-12-29 20:05:09.210933');
INSERT INTO public.course_chapters (id, course_id, chapter_number, title, start_page, end_page, description, created_at) VALUES (4, 1, 4, 'Conduite D+¬fensive', 13, 15, 'Techniques de conduite s+¬curitaire', '2025-12-29 20:05:09.210933');
INSERT INTO public.course_chapters (id, course_id, chapter_number, title, start_page, end_page, description, created_at) VALUES (5, 1, 5, 'Premiers Secours', 16, 18, 'Gestes qui sauvent en cas d''accident', '2025-12-29 20:05:09.210933');



INSERT INTO public.exam_questions (id, question_number, question_text, image_url, option_a, option_b, option_c, correct_answer, category, is_active, created_at) VALUES ('db6bdc84-6998-45e2-8762-49842e51a413', 1, '+à+º +à+¦+å+ë +ç+¦+ç +º+ä+Ñ+¦+º+¦+¬+ƒ', 'stop.jpeg', '+é+ü', '+à+à+å+ê+¦ +º+ä+à+¦+ê+¦', '+++¦+è+é +¦+ä+é', 'A', NULL, true, '2025-12-29 15:02:08.605939');
INSERT INTO public.exam_questions (id, question_number, question_text, image_url, option_a, option_b, option_c, correct_answer, category, is_active, created_at) VALUES ('373ab5ab-ff23-41b5-a597-c03f7198fd3b', 2, '+ç+¦+ç +º+ä+Ñ+¦+º+¦+¬ +¬+»+ä +¦+ä+ë +à+º+¦+º+ƒ', 'left.jpeg', '+à+å+¦ +º+ä+»+ê+¦+º+å +ä+ä+è+¦+º+¦', '+à+å+¦ +º+ä+ê+é+ê+ü', '+++¦+è+é +¦+ê +º+¬+¼+º+ç+è+å', 'A', NULL, true, '2025-12-29 15:02:08.614485');
INSERT INTO public.exam_questions (id, question_number, question_text, image_url, option_a, option_b, option_c, correct_answer, category, is_active, created_at) VALUES ('25f98c1f-973c-4971-8cce-c9d3d28e34c3', 3, '+à+º+¦+º +¬+¦+å+è +ç+¦+ç +º+ä+¦+ä+º+à+¬+ƒ', 'deer.jpeg', '+¬+¡+¦+è+¦ +à+å +¡+è+ê+º+å+º+¬', '+++¦+è+é +¦+ä+é', '+à+å+¦ +º+ä+¬+¼+º+ê+¦', 'A', NULL, true, '2025-12-29 15:02:08.616122');
INSERT INTO public.exam_questions (id, question_number, question_text, image_url, option_a, option_b, option_c, correct_answer, category, is_active, created_at) VALUES ('7dcb32d5-2665-4192-b837-0072f30d5d8b', 4, '+à+º +ç+ê +º+ä+¡+»+æ +º+ä+ú+é+¦+ë +ä+ä+¦+¦+¦+¬ +»+º+«+ä +º+ä+à+å+º+++é +º+ä+¦+à+¦+º+å+è+¬+ƒ', 'speed.jpeg', '50 +â+à/+¦', '70 +â+à/+¦', '90 +â+à/+¦', 'A', NULL, true, '2025-12-29 15:02:08.617982');
INSERT INTO public.exam_questions (id, question_number, question_text, image_url, option_a, option_b, option_c, correct_answer, category, is_active, created_at) VALUES ('352c061f-3166-4280-a2c7-82da7a592568', 5, '+¦+å+» +º+é+¬+¦+º+¿+â +à+å +à+à+¦+æ +º+ä+¦+º+¼+ä+è+å +è+¼+¿:', 'passage.jpeg', '+¬+¦+¦+è+¦ +º+ä+¦+è+º+¦+¬', '+º+¦+¬+¦+à+º+ä +º+ä+à+å+¿+ç +ü+é++', '+º+ä+¬+ê+é+ü +ê+¬+¦+â +º+ä+ú+ê+ä+ê+è+¬ +ä+ä+¦+º+¼+ä+è+å', 'C', NULL, true, '2025-12-29 15:02:08.619803');
INSERT INTO public.exam_questions (id, question_number, question_text, image_url, option_a, option_b, option_c, correct_answer, category, is_active, created_at) VALUES ('821dd215-95b2-4dd0-a9f8-c1747f71d4ae', 6, '+º+ä+Ñ+¦+º+¦+¬ +º+ä+¡+à+¦+º+í +ü+è +º+ä+¦+ê+í +º+ä+½+ä+º+½+è +¬+¦+å+è:', 'light.jpeg', '+º+ä+à+¦+ê+¦ +¿+¡+¦+¦', '+º+ä+¬+ê+é+ü +º+ä+Ñ+¼+¿+º+¦+è', '+¬+«+ü+è+¦ +º+ä+¦+¦+¦+¬', 'B', NULL, true, '2025-12-29 15:02:08.62135');
INSERT INTO public.exam_questions (id, question_number, question_text, image_url, option_a, option_b, option_c, correct_answer, category, is_active, created_at) VALUES ('ba409617-9a60-42fc-9afe-6d32cf969a29', 7, '+à+º +ç+ê +º+ä+¡+» +º+ä+ú+»+å+ë +ä+¦+à+¦ +º+ä+¡+¦+ê+ä +¦+ä+ë +¦+«+¦+¬ +¦+è+º+é+¬ +¦+å+ü +¿+ƒ', '18year.jpeg', '16 +¦+å+¬', '18 +¦+å+¬', '20 +¦+å+¬', 'B', NULL, true, '2025-12-29 15:02:08.623336');
INSERT INTO public.exam_questions (id, question_number, question_text, image_url, option_a, option_b, option_c, correct_answer, category, is_active, created_at) VALUES ('e4c98be6-37d2-4b2c-9199-deaac3b0759b', 8, '+Ñ+¦+º +â+º+å+¬ +º+ä+¦+ñ+è+¬ +¦+¦+è+ü+¬+î +è+¼+¿ +º+¦+¬+¦+à+º+ä:', 'foggy.jpeg', '+ú+¦+ê+º+í +º+ä+ê+¦+¦', '+ú+¦+ê+º+í +º+ä+++¦+è+é', '+ú+¦+ê+º+í +º+ä+à+é+º+++¦+¬', 'C', NULL, true, '2025-12-29 15:02:08.626029');
INSERT INTO public.exam_questions (id, question_number, question_text, image_url, option_a, option_b, option_c, correct_answer, category, is_active, created_at) VALUES ('13feaa27-58b4-4c32-999a-8dc0d2e55ef9', 9, '+º+ä+«++ +º+ä+à+¬+¦+ä +¦+ä+ë +º+ä+++¦+è+é +è+¦+å+è:', 'lane.jpeg', '+è+à+â+å +¬+¼+º+ê+¦+ç', '+à+à+å+ê+¦ +¬+¼+º+ê+¦+ç', '+à+à+¦ +¦+º+¼+ä+è+å', 'B', NULL, true, '2025-12-29 15:02:08.628305');
INSERT INTO public.exam_questions (id, question_number, question_text, image_url, option_a, option_b, option_c, correct_answer, category, is_active, created_at) VALUES ('2a369a71-84fc-47ff-9078-6713f3215514', 10, '+ü+è +¡+º+ä +ê+é+ê+¦ +¡+º+»+½ +à+¦+ê+¦ +«+ü+è+ü +»+ê+å +ú+¦+¦+º+¦ +¿+¦+¦+è+¬+î +è+¼+¿:', 'accident.jpeg', '+à+¦+º+»+¦+¬ +º+ä+à+â+º+å +ü+ê+¦+ï+º', '+Ñ+è+é+º+ü +º+ä+¦+è+º+¦+¬ +ê+¬+¿+º+»+ä +º+ä+à+¦+ä+ê+à+º+¬', '+¦+»+à +º+ä+º+ç+¬+à+º+à', 'B', NULL, true, '2025-12-29 15:02:08.629833');
INSERT INTO public.exam_questions (id, question_number, question_text, image_url, option_a, option_b, option_c, correct_answer, category, is_active, created_at) VALUES ('66cef491-40e3-42d4-b0d4-4101f11405d6', 11, '+à+¬+ë +è+Å+à+å+¦ +º+¦+¬+¦+à+º+ä +º+ä+à+å+¿+ç +º+ä+¦+ê+¬+è+ƒ', 'street.jpeg', '+ü+è +º+ä+ä+è+ä +»+º+«+ä +º+ä+à+»+å', '+ü+è +º+ä+++¦+è+é +º+ä+¦+¦+è+¦', '+ü+è +º+ä+à+++¦', 'A', NULL, true, '2025-12-29 15:02:08.63135');
INSERT INTO public.exam_questions (id, question_number, question_text, image_url, option_a, option_b, option_c, correct_answer, category, is_active, created_at) VALUES ('77ccc9c1-9005-4f3d-b3ac-cec6ac33055c', 12, '+º+ä+é+è+º+»+¬ +¬+¡+¬ +¬+ú+½+è+¦ +º+ä+â+¡+ê+ä +¬+ñ+»+è +Ñ+ä+ë:', 'drinking.jpeg', '+à+«+º+ä+ü+¬ +¿+¦+è+++¬', '+¦+¡+¿ +º+ä+¦+«+¦+¬', '+¬+¡+¦+è+¦ +ü+é++', 'B', NULL, true, '2025-12-29 15:02:08.632752');
INSERT INTO public.exam_questions (id, question_number, question_text, image_url, option_a, option_b, option_c, correct_answer, category, is_active, created_at) VALUES ('484abdc6-9b53-4665-b646-e9ba305b6908', 13, '+¦+å+» +¦+ñ+è+¬ +¦+ê+í +ú+¦+ü+¦ +½+º+¿+¬ +è+¼+¿:', 'yellowlight.jpeg', '+¬+¦+¦+è+¦ +º+ä+à+¦+ê+¦', '+º+ä+¬+ê+é+ü +Ñ+¦+º +ú+à+â+å +¿+ú+à+º+å', '+¬+¼+º+ê+¦ +º+ä+Ñ+¦+º+¦+¬', 'B', NULL, true, '2025-12-29 15:02:08.634081');
INSERT INTO public.exam_questions (id, question_number, question_text, image_url, option_a, option_b, option_c, correct_answer, category, is_active, created_at) VALUES ('b049b005-58b6-414f-9055-e868fe34238c', 14, '+º+ä+++¦+è+é +¦+º+¬ +º+ä+ú+ê+ä+ê+è+¬ +¬+Å+¦+¦+ü +¿+¦+ä+º+à+¬:', 'priorty.jpeg', '+à+½+ä+½ +à+é+ä+ê+¿', '+à+¦+¬+++è+ä +ú+¦+¦+é', '+à+¦+è+å +ú+¦+ü+¦', 'C', NULL, true, '2025-12-29 15:02:08.635373');
INSERT INTO public.exam_questions (id, question_number, question_text, image_url, option_a, option_b, option_c, correct_answer, category, is_active, created_at) VALUES ('52815514-1ed9-4dec-92a5-a743865516b8', 15, '+à+å +ä+ç +º+ä+ú+ê+ä+ê+è+¬ +ü+è +à+ü+¬+¦+é +¿+»+ê+å +Ñ+¦+º+¦+º+¬+ƒ', 'cross.jpeg', '+º+ä+¦+è+º+¦+¬ +à+å +º+ä+è+à+è+å', '+º+ä+¦+è+º+¦+¬ +à+å +º+ä+è+¦+º+¦', '+º+ä+¦+è+º+¦+¬ +º+ä+â+¿+è+¦+¬', 'A', NULL, true, '2025-12-29 15:02:08.636656');
INSERT INTO public.exam_questions (id, question_number, question_text, image_url, option_a, option_b, option_c, correct_answer, category, is_active, created_at) VALUES ('f9b30d88-4e80-4f2c-a227-35878dce1507', 16, '+¦+å+» +å+¦+ê+ä +º+ä+à+++¦ +ä+ú+ê+ä +à+¦+¬+î +è+¦+¿+¡ +º+ä+++¦+è+é:', 'raindrop.jpeg', '+ú+â+½+¦ +ú+à+º+å+ï+º', '+¦+ä+é+ï+º +¼+»+ï+º', '+¦+º+»+è+ï+º', 'B', NULL, true, '2025-12-29 15:02:08.638038');
INSERT INTO public.exam_questions (id, question_number, question_text, image_url, option_a, option_b, option_c, correct_answer, category, is_active, created_at) VALUES ('83a10c0d-62ca-4ab1-8fc8-a95eb8d9483b', 17, '+º+¦+¬+¦+à+º+ä +º+ä+ç+º+¬+ü +ú+½+å+º+í +º+ä+é+è+º+»+¬:', 'phone.jpeg', '+à+¦+à+ê+¡ +ü+é++ +¿+º+ä+à+â+º+ä+à+º+¬ +º+ä+é+¦+è+¦+¬', '+à+à+å+ê+¦', '+à+¦+à+ê+¡ +ú+½+å+º+í +º+ä+¬+ê+é+ü', 'B', NULL, true, '2025-12-29 15:02:08.639907');
INSERT INTO public.exam_questions (id, question_number, question_text, image_url, option_a, option_b, option_c, correct_answer, category, is_active, created_at) VALUES ('7c277bdc-25be-464f-b6af-5776bd76fdaa', 18, '+è+¼+¿ +¦+ä+ë +º+ä+¦+º+ª+é +º+¦+¬+¦+à+º+ä +¡+¦+º+à +º+ä+ú+à+º+å:', 'seatbelt.jpeg', '+ü+é++ +ü+è +º+ä+¦+ü+¦ +º+ä+++ê+è+ä', '+»+º+ª+à+ï+º +ú+½+å+º+í +º+ä+é+è+º+»+¬', '+ü+é++ +ü+è +º+ä+++¦+é +º+ä+¦+¦+è+¦+¬', 'B', NULL, true, '2025-12-29 15:02:08.641272');
INSERT INTO public.exam_questions (id, question_number, question_text, image_url, option_a, option_b, option_c, correct_answer, category, is_active, created_at) VALUES ('4de2ac7f-465e-46a2-881d-270145ea2fb6', 19, '+à+¬+ë +è+Å+à+å+¦ +º+ä+¬+¼+º+ê+¦+ƒ', '2lanes.jpeg', '+¦+å+» +ê+¼+ê+» +«++ +à+¬+¦+ä', '+ü+è +º+ä+++¦+è+é +º+ä+ü+º+¦+¦', '+ü+è +º+ä+å+ç+º+¦', 'A', NULL, true, '2025-12-29 15:02:08.642715');
INSERT INTO public.exam_questions (id, question_number, question_text, image_url, option_a, option_b, option_c, correct_answer, category, is_active, created_at) VALUES ('0fd84ffb-553b-4a0b-a1e1-d6de52e16f06', 20, '+à+º +ç+è +ú+ê+ä +«+++ê+¬ +é+¿+ä +¿+»+í +º+ä+é+è+º+»+¬+ƒ', 'mirror.jpeg', '+º+ä+¬+ü+â+è+¦ +ü+è +º+ä+++¦+è+é', '+¦+¿++ +º+ä+à+¦+º+è+º +ê+º+ä+à+é+¦+» +ê+¡+¦+º+à +º+ä+ú+à+º+å', '+¬+¦+¦+è+ä +º+ä+¦+º+»+è+ê', 'B', NULL, true, '2025-12-29 15:02:08.644289');
INSERT INTO public.exam_questions (id, question_number, question_text, image_url, option_a, option_b, option_c, correct_answer, category, is_active, created_at) VALUES ('8d666407-28a5-449f-9aa5-77e0e212b303', 21, '+à+º +º+ä+¦+è +è+¼+¿ +ü+¦+ä+ç +¦+å+» +¦+ñ+è+¬ +à+»+¦+¦+¬ +ú+++ü+º+ä +é+¦+¿ +º+ä+++¦+è+é+ƒ', 'school.jpeg', '+¦+è+º+»+¬ +º+ä+¦+¦+¦+¬', '+º+ä+¬+é+ä+è+ä +à+å +º+ä+¦+¦+¦+¬ +ê+º+ä+º+¦+¬+¦+»+º+» +ä+ä+¬+ê+é+ü', '+¬+¼+º+ê+¦ +º+ä+¦+è+º+¦+¬ +º+ä+ú+à+º+à+è+¬ +¿+¦+¦+¦+¬', 'B', NULL, true, '2025-12-29 15:02:08.64602');
INSERT INTO public.exam_questions (id, question_number, question_text, image_url, option_a, option_b, option_c, correct_answer, category, is_active, created_at) VALUES ('50677330-406f-44d0-8594-b7512519c29e', 22, '+â+è+ü +¬+¬+¦+¦+ü +¦+å+» +¦+à+º+¦ +¦+ü+º+¦+¬ +¦+è+º+¦+¬ +º+ä+Ñ+¦+¦+º+ü+ƒ', 'ambulance.jpeg', '+¬+¼+º+ç+ä+ç+º', '+º+ä+¬+ê+é+ü +ü+è +å+ü+¦ +º+ä+à+â+º+å', '+¬+¦+â +º+ä+++¦+è+é +ä+ç+º +ê+ü+¬+¡ +++¦+è+é +ó+à+å', 'C', NULL, true, '2025-12-29 15:02:08.647394');
INSERT INTO public.exam_questions (id, question_number, question_text, image_url, option_a, option_b, option_c, correct_answer, category, is_active, created_at) VALUES ('2f77576a-360e-459b-b1ba-411953e5de76', 23, '+à+º +º+ä+¦+è +è+¼+¿ +ü+¦+ä+ç +é+¿+ä +¬+¦+è+è+¦ +º+ä+à+¦+º+¦+ƒ', 'leftsignal.jpeg', '+º+ä+Ñ+¦+º+¦+¬ +ü+é++', '+¬+ü+é+» +º+ä+à+¦+º+è+º +ê+º+ä+Ñ+¦+º+¦+¬ +½+à +º+ä+à+¦+ê+¦ +Ñ+¦+º +â+º+å +ó+à+å+º+ï', '+º+ä+¬+¦+¦+è+¦ +ü+ê+¦+ï+º', 'B', NULL, true, '2025-12-29 15:02:08.648718');
INSERT INTO public.exam_questions (id, question_number, question_text, image_url, option_a, option_b, option_c, correct_answer, category, is_active, created_at) VALUES ('d3a5f282-c444-4137-81ae-f6770a89dd00', 24, '+à+º +à+¦+å+ë +ê+¼+ê+» +«++ +à+¬+é+++¦ +¿+¼+º+å+¿ +«++ +à+¬+¦+ä+ƒ', 'dashed.jpeg', '+â+ä+º+ç+à+º +è+¦+à+¡ +¿+º+ä+¬+¼+º+ê+¦', '+ä+º +è+¦+à+¡ +¿+º+ä+¬+¼+º+ê+¦ +ä+ä+++¦+ü +º+ä+¦+è +¦+å+»+ç +º+ä+«++ +º+ä+à+¬+¦+ä', '+à+à+å+ê+¦ +º+ä+ê+é+ê+ü', 'B', NULL, true, '2025-12-29 15:02:08.650134');
INSERT INTO public.exam_questions (id, question_number, question_text, image_url, option_a, option_b, option_c, correct_answer, category, is_active, created_at) VALUES ('6bf850d0-4683-4da5-9f57-8ccd14d1393f', 25, '+à+¬+ë +¬+¦+¬+«+»+à +º+ä+à+¦+º+¿+è+¡ +º+ä+¦+¿+º+¿+è+¬+ƒ', 'foggyy.jpeg', '+ü+è +º+ä+¦+¿+º+¿ +º+ä+â+½+è+ü +ê+º+ä+¦+ñ+è+¬ +º+ä+à+å+«+ü+¦+¬', '+ü+è +º+ä+++é+¦ +º+ä+à+¦+à+¦', '+ü+è +à+ê+º+é+ü +º+ä+¦+è+º+¦+º+¬', 'A', NULL, true, '2025-12-29 15:02:08.651433');
INSERT INTO public.exam_questions (id, question_number, question_text, image_url, option_a, option_b, option_c, correct_answer, category, is_active, created_at) VALUES ('b7df8b45-2513-4bc8-aca4-44325672b798', 26, '+à+º +ç+ê +ú+é+¦+ë +¡+» +à+¦+ê+¦+è +¦+ä+ë +º+ä+++¦+é +º+ä+¦+¦+è+¦+¬ +¦+º+»+¬+ƒ', 'speedlimit.jpeg', '50 +â+à/+¦', '90 +â+à/+¦', '120 +â+à/+¦', 'C', NULL, true, '2025-12-29 15:02:08.652698');
INSERT INTO public.exam_questions (id, question_number, question_text, image_url, option_a, option_b, option_c, correct_answer, category, is_active, created_at) VALUES ('cda20a88-dc59-468b-bca6-023cecbe64ae', 27, '+ä+ê +â+º+å+¬ +Ñ+++º+¦+º+¬ +º+ä+¦+è+º+¦+¬ +à+å+«+ü+¦+¬ +º+ä+¦+¦++ +à+º+¦+º +è+à+â+å +ú+å +è+¡+»+½+ƒ', 'tire.jpeg', '+¬+¡+¦+è+å +º+ä+º+é+¬+¦+º+» +ü+è +º+ä+ê+é+ê+»', '+¦+è+º+»+¬ +º+¦+¬+ç+ä+º+â +º+ä+ê+é+ê+» +ê+¬+¦+º+¼+¦ +º+ä+¬+¡+â+à +ü+è +º+ä+¦+è+º+¦+¬', '+ä+º +ü+¦+é', 'B', NULL, true, '2025-12-29 15:02:08.654196');
INSERT INTO public.exam_questions (id, question_number, question_text, image_url, option_a, option_b, option_c, correct_answer, category, is_active, created_at) VALUES ('6d751d51-aa27-4ae3-8045-311e0f07f6e4', 28, '+â+è+ü +¬+¬+¦+º+à+ä +à+¦ +¦+º+ª+é +¦+»+ê+º+å+è +ú+à+º+à+â+ƒ', 'angry.jpeg', '+¬+¬+¿+¦+ç +ä+¬+¦+» +ä+ç +º+ä+¦+º+¦ +¦+º+¦+è+å', '+¬+¡+º+ü++ +¦+ä+ë +à+¦+º+ü+¬ +ê+¬+¼+å+¿+ç +ê+¬+¿+é+ë +ç+º+»+ª+ï+º', '+¬+ê+é+ü +ê+¬+¦+¦+«', 'B', NULL, true, '2025-12-29 15:02:08.655687');
INSERT INTO public.exam_questions (id, question_number, question_text, image_url, option_a, option_b, option_c, correct_answer, category, is_active, created_at) VALUES ('4988d5f7-74e9-4b29-a8f5-598c6c6855fe', 29, '+à+º +º+ä+¦+è +è+»+ä +¦+ä+ë +ê+¼+ê+» +«++ +¦+â+¬ +¡+»+è+» +é+º+»+à+ƒ', 'rail.jpeg', '+Ñ+¦+º+¦+º+¬ +ê+ú+¼+¦+º+¦ +ê+¬+¡+¦+è+¦+º+¬ +à+¦+¿+é+¬', '+ä+º +¦+è+í', '+¦+ä+º+à+¬ +¦+¦+é+º+í +ü+é++', 'A', NULL, true, '2025-12-29 15:02:08.657046');
INSERT INTO public.exam_questions (id, question_number, question_text, image_url, option_a, option_b, option_c, correct_answer, category, is_active, created_at) VALUES ('e9c9f805-5303-4712-ad48-6710f8718da4', 30, '+â+è+ü +¬+¬+¦+¦+ü +¦+å+» +¬+ê+é+ü +à+ü+º+¼+ª +ú+à+º+à+â+ƒ', 'distance.jpeg', '+¬+¿+»+ä +º+ä+à+¦+º+¦ +ü+ê+¦+ï+º', '+¬+¦+¦++ +¦+ä+ë +º+ä+ü+¦+º+à+ä +ê+¬+¡+º+ê+ä +¬+ü+º+»+è +º+ä+¬+¦+º+»+à', '+¬+¦+¬+à+¦ +â+ú+å +¦+è+ª+º+ï +ä+à +è+¡+»+½', 'B', NULL, true, '2025-12-29 15:02:08.658405');
INSERT INTO public.exam_questions (id, question_number, question_text, image_url, option_a, option_b, option_c, correct_answer, category, is_active, created_at) VALUES ('05d858d7-f42f-4b40-87d3-5f12df701668', 31, '+à+º +»+ê+¦ +¡+¦+º+à +º+ä+ú+à+º+å+ƒ', 'protect.jpeg', '+è+é+ä+ä +º+ä+Ñ+¦+º+¿+º+¬ +ê+è+à+å+¦ +º+ä+«+¦+ê+¼ +à+å +º+ä+¦+è+º+¦+¬', '+ä+ä+¬+¦+è+å +ü+é++', '+ä+¦+º+¡+¬ +º+ä+¼+¦+à', 'A', NULL, true, '2025-12-29 15:02:08.660336');
INSERT INTO public.exam_questions (id, question_number, question_text, image_url, option_a, option_b, option_c, correct_answer, category, is_active, created_at) VALUES ('bd85b957-c6d7-47d7-acd8-25fc80d27661', 32, '+à+º +à+¦+å+ë +º+ä+ä+ê+¡+¬ +º+ä+à+½+ä+½+¬ +º+ä+¦+ü+¦+º+í+ƒ', 'careful.jpeg', '+Ñ+¦+¦+º+»', '+¬+¡+¦+è+¦', '+à+å+¦', 'B', NULL, true, '2025-12-29 15:02:08.66167');
INSERT INTO public.exam_questions (id, question_number, question_text, image_url, option_a, option_b, option_c, correct_answer, category, is_active, created_at) VALUES ('6385d37c-9062-4e14-98de-8470a4400d41', 33, '+à+º +ç+ê +º+ä+¦+ä+ê+â +º+ä+¦+¡+è+¡ +¦+å+» +º+å+¡+¦+º+ü +º+ä+¦+è+º+¦+¬+ƒ', 'ski.jpeg', '+¬+ê+¼+è+ç +º+ä+à+é+ê+» +¿+é+ê+¬', '+¬+ç+»+ª+¬ +º+ä+¦+¦+¦+¬ +ê+¬+ê+¼+è+ç +º+ä+à+é+ê+» +¿+¦+ä+º+¦+¬', '+º+ä+¦+¦++ +¦+ä+ë +º+ä+¿+å+¦+è+å', 'B', NULL, true, '2025-12-29 15:02:08.663034');
INSERT INTO public.exam_questions (id, question_number, question_text, image_url, option_a, option_b, option_c, correct_answer, category, is_active, created_at) VALUES ('e6834d06-ddfc-4c4c-810e-1941c0ee0d3a', 34, '+à+¬+ë +è+¼+¿ +ü+¡+¦ +º+ä+Ñ+++º+¦+º+¬+ƒ', 'tiretest.jpeg', '+à+¦+¬ +ê+º+¡+»+¬ +ü+è +º+ä+¦+å+¬', '+é+¿+ä +º+ä+¦+¡+ä+º+¬ +º+ä+++ê+è+ä+¬ +ê+¿+¦+â+ä +»+ê+¦+è', '+ú+¿+»+ï+º', 'B', NULL, true, '2025-12-29 15:02:08.664336');
INSERT INTO public.exam_questions (id, question_number, question_text, image_url, option_a, option_b, option_c, correct_answer, category, is_active, created_at) VALUES ('34564ea6-5cfd-45b5-a21d-fd27d1b8f715', 35, '+â+è+ü +¬+¬+¦+¦+ü +Ñ+¦+º +¦+å+¬ +¦+è+º+¦+¬ +¦+¦+++¬ +«+ä+ü+â+ƒ', 'police.jpeg', '+¬+¦+¦+¦ +ä+ä+ç+¦+ê+¿', '+¬+ü+¬+¡ +º+ä+++¦+è+é +ê+¬+¬+¡+¦+â +¿+ú+à+º+å +Ñ+ä+ë +¼+º+å+¿ +º+ä+++¦+è+é', '+¬+¬+ê+é+ü +ü+ê+¦+ï+º +ü+è +à+å+¬+¦+ü +º+ä+++¦+è+é', 'B', NULL, true, '2025-12-29 15:02:08.665686');
INSERT INTO public.exam_questions (id, question_number, question_text, image_url, option_a, option_b, option_c, correct_answer, category, is_active, created_at) VALUES ('542ddced-acb5-4cb9-aaeb-3f59c854f745', 36, '+à+º +º+ä+¦+à+ä +¦+å+» +à+ê+º+¼+ç+¬ +¦+++ä +â+ç+¦+¿+º+ª+è +ü+è +º+ä+¦+è+º+¦+¬+ƒ', 'fix.jpeg', '+¬+¦+¦+è+ä +º+ä+ú+å+ê+º+¦', '+º+ä+¬+ê+é+ü +ü+è +à+â+º+å +ó+à+å +ê+ü+¡+¦ +º+ä+ü+è+ê+¦+º+¬', '+º+ä+é+è+º+»+¬ +¿+¦+¦+¦+¬ +ä+ä+ê+¦+ê+ä +Ñ+ä+ë +à+¦+ó+¿', 'B', NULL, true, '2025-12-29 15:02:08.667024');
INSERT INTO public.exam_questions (id, question_number, question_text, image_url, option_a, option_b, option_c, correct_answer, category, is_active, created_at) VALUES ('f1e29da9-140a-427e-aa29-18bda16d79f3', 37, '+ä+à+º+¦+º +è+¼+¿ +º+ä+º+ä+¬+¦+º+à +¿+º+ä+¦+¦+¦+¬ +º+ä+à+¡+»+»+¬+ƒ', 'speedm.jpeg', '+ä+¬+é+ä+è+ä +º+ä+¡+ê+º+»+½ +ê+¬+¡+¦+è+å +º+ä+¦+ä+º+à+¬', '+ä+Ñ+++ç+º+¦ +à+ç+º+¦+¬ +º+ä+¦+º+ª+é', '+ä+¬+ê+ü+è+¦ +º+ä+ê+é+¬', 'A', NULL, true, '2025-12-29 15:02:08.668265');
INSERT INTO public.exam_questions (id, question_number, question_text, image_url, option_a, option_b, option_c, correct_answer, category, is_active, created_at) VALUES ('3a0a211d-e355-405d-b113-36889b8aff3b', 38, '+à+¬+ë +¬+¦+¬+¦+à+ä +Ñ+¦+º+¦+¬ +º+ä+º+å+¦+++º+ü+ƒ', 'right.jpeg', '+ü+é++ +¦+å+»+à+º +¬+¦+è+» +º+ä+¬+ê+é+ü', '+é+¿+ä +¬+¦+è+è+¦ +º+ä+à+¦+º+¦ +ú+ê +º+ä+º+å+¦+++º+ü', '+¿+¦+» +º+ä+º+å+¦+++º+ü', 'B', NULL, true, '2025-12-29 15:02:08.669515');
INSERT INTO public.exam_questions (id, question_number, question_text, image_url, option_a, option_b, option_c, correct_answer, category, is_active, created_at) VALUES ('8458920c-991c-4145-9a05-2b467060a33e', 39, '+à+º +ç+è +º+ä+¦+ä+º+à+¬ +º+ä+¬+è +¬+¦+è+¦ +Ñ+ä+ë ''+++¦+è+é +¦+ä+é''+ƒ', 'sking.jpeg', '+»+º+ª+¦+¬ +¡+à+¦+º+í', '+à+½+ä+½ +¬+¡+¦+è+¦+è +¿+¦+ê+¦+¬ +¦+è+º+¦+¬ +¬+å+¦+ä+é', '+à+¦+¬+++è+ä +ú+¦+¦+é', 'B', NULL, true, '2025-12-29 15:02:08.670798');
INSERT INTO public.exam_questions (id, question_number, question_text, image_url, option_a, option_b, option_c, correct_answer, category, is_active, created_at) VALUES ('b291c6f9-142d-4422-9150-991eb33a929d', 40, '+à+º +º+ä+¦+à+ä +Ñ+å +ü+é+»+¬ +º+ä+¦+è+++¦+¬ +¦+ä+ë +º+ä+à+é+ê+»+ƒ', 'control.jpeg', '+¦+»+¬ +º+ä+é+¿+¦ +¦+ä+ë +º+ä+à+é+ê+» +ê+º+ä+»+ê+¦+º+å +¿+¦+å+ü', '+«+ü+¦ +º+ä+¦+¦+¦+¬ +¬+»+¦+è+¼+è+º+ï +ê+à+¡+º+ê+ä+¬ +º+ä+¬+ê+¼+è+ç +¿+ä+++ü', '+º+ä+é+ü+¦ +à+å +º+ä+¦+è+º+¦+¬', 'B', NULL, true, '2025-12-29 15:02:08.672416');
INSERT INTO public.exam_questions (id, question_number, question_text, image_url, option_a, option_b, option_c, correct_answer, category, is_active, created_at) VALUES ('2c0601e6-6080-430b-989b-a626db7ebfcc', 41, '+ä+à+º+¦+º +ä+º +è+¼+¿ +º+ä+é+è+º+»+¬ +ú+½+å+º+í +º+ä+¬+¦+¿ +º+ä+¦+»+è+»+ƒ', 'sleep.jpeg', '+ä+ú+å+ç+º +à+¦+ä+è+¬', '+«+++¦ +º+ä+¡+ê+º+»+½ +¿+¦+¿+¿ +é+ä+¬ +º+ä+¬+¦+â+è+¦ +ê+º+ä+å+¦+º+¦', '+¬+¦+è+» +¦+ê+¬ +º+ä+à+¡+¦+â', 'B', NULL, true, '2025-12-29 15:02:08.674545');
INSERT INTO public.exam_questions (id, question_number, question_text, image_url, option_a, option_b, option_c, correct_answer, category, is_active, created_at) VALUES ('2864bb3f-3ba1-4f0f-8b2e-531b223414e3', 42, '+à+º +à+¦+å+ë +¦+ä+º+à+¬ ''+à+à+å+ê+¦ +º+ä+¬+¼+º+ê+¦''+ƒ', 'noover.jpeg', '+à+¦+à+ê+¡ +º+ä+¬+¼+º+ê+¦', '+à+à+å+ê+¦ +º+ä+¬+¼+º+ê+¦ +ü+è +ç+¦+º +º+ä+¼+¦+í', '+¬+¼+º+ê+¦ +¿+¡+¦+¦', 'B', NULL, true, '2025-12-29 15:02:08.676115');
INSERT INTO public.exam_questions (id, question_number, question_text, image_url, option_a, option_b, option_c, correct_answer, category, is_active, created_at) VALUES ('af89faf2-64e9-47c4-90cf-9a91093a8214', 43, '+à+º +à+¦+å+ë +¦+ä+º+à+¬ ''+++¦+è+é +ä+ä+à+¦+â+¿+º+¬ +ü+é++''+ƒ', 'cari.jpeg', '+à+¦+à+ê+¡ +ä+ä+à+¦+º+¬ +ü+é++', '+à+¦+à+ê+¡ +ä+ä+à+¦+â+¿+º+¬ +º+ä+ó+ä+è+¬ +ü+é++', '+à+à+å+ê+¦ +ä+ä+à+¦+â+¿+º+¬', 'B', NULL, true, '2025-12-29 15:02:08.677796');
INSERT INTO public.exam_questions (id, question_number, question_text, image_url, option_a, option_b, option_c, correct_answer, category, is_active, created_at) VALUES ('9ed5bd38-c1b8-40d9-8c60-fe69d6b29407', 44, '+¦+å+» +º+ä+º+é+¬+¦+º+¿ +à+å +»+ê+º+¦+î +è+¼+¿:', 'rotatep.jpeg', '+º+ä+¬+ê+é+ü +»+º+ª+à+ï+º', '+º+¡+¬+¦+º+à +ú+ê+ä+ê+è+¬ +à+å +»+º+«+ä +º+ä+»+ê+º+¦', '+º+ä+¬+¼+º+ê+¦ +¦+ä+ë +º+ä+è+à+è+å', 'B', NULL, true, '2025-12-29 15:02:08.679251');
INSERT INTO public.exam_questions (id, question_number, question_text, image_url, option_a, option_b, option_c, correct_answer, category, is_active, created_at) VALUES ('ff61cdce-3139-48ba-b442-53322792554a', 45, '+ú+è+ç+à+º +¦+¡+è+¡ +¦+å +º+ä+ê+¦+º+ª+» +º+ä+ç+ê+º+ª+è+¬+ƒ', 'airbag.jpeg', '+¬+¦+à+ä +¿+»+ê+å +¡+¦+º+à +ú+à+º+å', '+¬+é+ä+ä +º+ä+Ñ+¦+º+¿+º+¬ +à+¦ +º+ä+¡+¦+º+à', '+¬+¦+è+» +«+++¦ +º+ä+Ñ+¦+º+¿+º+¬', 'B', NULL, true, '2025-12-29 15:02:08.680585');
INSERT INTO public.exam_questions (id, question_number, question_text, image_url, option_a, option_b, option_c, correct_answer, category, is_active, created_at) VALUES ('2815c928-1119-45ff-b22b-ce47afd7516a', 46, '+à+º +º+ä+¦+è +è+¦+è+» +à+å +«+++¦ +º+ä+º+å+¦+ä+º+é+ƒ', 'wet.jpeg', '+Ñ+++º+¦+º+¬ +¦+ä+è+à+¬', '+¦+à+ä +ú+ê +¦+è+ê+¬ +¦+ä+ë +º+ä+++¦+è+é', '+¦+¦+¦+º+¬ +à+å+«+ü+¦+¬', 'B', NULL, true, '2025-12-29 15:02:08.681813');
INSERT INTO public.exam_questions (id, question_number, question_text, image_url, option_a, option_b, option_c, correct_answer, category, is_active, created_at) VALUES ('f77b5da7-0265-4911-a8e3-98d194b42d7c', 47, '+à+º +º+ä+é+º+¦+»+¬ +º+ä+¦+¡+è+¡+¬ +ä+à+¦+º+ü+¬ +º+ä+ú+à+º+å+ƒ', '5m.jpeg', '+«++ +ê+º+¡+»', '+à+¦+º+ü+¬ +¦+à+å+è+¬ +¡+ê+º+ä+è +½+º+å+è+¬+è+å', '+ä+º +¡+º+¼+¬ +ä+à+¦+º+ü+¬', 'B', NULL, true, '2025-12-29 15:02:08.683079');
INSERT INTO public.exam_questions (id, question_number, question_text, image_url, option_a, option_b, option_c, correct_answer, category, is_active, created_at) VALUES ('cfd72378-12de-4a0e-ac60-8d1424a3d714', 48, '+à+º +º+ä+¦+è +è+¦+å+è+ç +ê+à+è+¦ +º+ä+¦+ê+í +º+ä+ú+«+¦+¦ +ä+ä+à+¦+º+¬+ƒ', 'crossing.jpeg', '+è+å+¿+¦+è +º+ä+Ñ+¦+¦+º+¦ +¿+º+ä+¦+¿+ê+¦', '+º+ä+¦+¿+ê+¦ +à+à+å+ê+¦', '+¦+ê+í +ä+ä+à+¦+â+¿+º+¬', 'A', NULL, true, '2025-12-29 15:02:08.684402');
INSERT INTO public.exam_questions (id, question_number, question_text, image_url, option_a, option_b, option_c, correct_answer, category, is_active, created_at) VALUES ('a3cad16c-6ad7-46ca-a8ed-9bd18717c612', 49, '+à+º+¦+º +¬+¦+å+è +Ñ+¦+º+¦+¬ ''+à+å+++é+¬ +à+»+å+è+¬''+ƒ', 'public.jpeg', '+º+ä+é+è+º+»+¬ +¿+¦+¦+¦+¬ +¦+º+ä+è+¬', '+¬+é+ä+è+ä +º+ä+¦+¦+¦+¬ +ê+º+¡+¬+¦+º+à +º+ä+à+¦+º+¬', '+à+ê+é+ü +¦+è+º+¦+º+¬ +à+¼+º+å+è', 'B', NULL, true, '2025-12-29 15:02:08.685889');
INSERT INTO public.exam_questions (id, question_number, question_text, image_url, option_a, option_b, option_c, correct_answer, category, is_active, created_at) VALUES ('2dc8adad-c88d-4b48-90fd-1e8cc6c1fe80', 50, '+â+è+ü +¬+¬+¦+¦+ü +Ñ+¦+º +¬+¦+++ä+¬ +º+ä+ü+¦+º+à+ä+ƒ', 'frein.jpeg', '+º+¦+¬+¦+à+ä +ü+¦+º+à+ä +º+ä+è+» +¿+é+ê+¬', '+º+«+ü+¦ +º+ä+¦+¦+¦+¬ +¿+º+ä+¬+»+¦+¼ +ê+º+¦+¬+¦+à+ä +¬+¦+ê+¦ +à+å+«+ü+¦+¬', '+¦+» +º+ä+¦+¦+¦+¬', 'B', NULL, true, '2025-12-29 15:02:08.687149');
INSERT INTO public.exam_questions (id, question_number, question_text, image_url, option_a, option_b, option_c, correct_answer, category, is_active, created_at) VALUES ('7fcc80ee-a0ea-48fb-85c6-eb2b342dd33f', 51, '+à+º +º+ä+¦+è +è+¼+¿ +ü+¦+ä+ç +é+¿+ä +º+ä+à+¦+ê+¦ +¦+¿+¦ +¦+â+¬ +¡+»+è+»+ƒ', 'train.jpeg', '+º+ä+à+¦+ê+¦ +¿+¦+¦+¦+¬', '+º+ä+¬+ê+é+ü +ê+º+ä+¬+ú+â+» +à+å +¦+»+à +ê+¼+ê+» +é+++º+¦', '+º+ä+¬+é+º++ +¦+ê+¦', 'B', NULL, true, '2025-12-29 15:02:08.688909');
INSERT INTO public.exam_questions (id, question_number, question_text, image_url, option_a, option_b, option_c, correct_answer, category, is_active, created_at) VALUES ('1d919845-cc74-478e-97c8-a6595a8e70a2', 52, '+à+º +º+ä+¦+è +è+ü+¦+ä+ç +º+ä+¦+º+ª+é +¦+å+» +¦+ñ+è+¬ +¦+¦+++è +è+ä+ê+æ+¡ +¿+è+»+ç+ƒ', NULL, '+è+¬+¼+º+ç+ä+ç', '+è+++è+¦ +¬+¦+ä+è+à+º+¬ +º+ä+¦+¦+++è +¡+¬+ë +ä+ê +«+º+ä+ü+¬ +º+ä+Ñ+¦+º+¦+¬', '+è+¦+è+» +º+ä+¦+¦+¦+¬', 'B', NULL, true, '2025-12-29 15:02:08.690554');
INSERT INTO public.exam_questions (id, question_number, question_text, image_url, option_a, option_b, option_c, correct_answer, category, is_active, created_at) VALUES ('6ab764d0-1904-49cf-ac5a-2cedebcd61b6', 53, '+à+º +ç+è +ú+ü+¦+ä +++¦+è+é+¬ +ä+¬+¼+å+¿ +¬+¦+¿ +º+ä+¦+º+ª+é+ƒ', NULL, '+¦+¦+¿ +é+ç+ê+¬ +ü+é++', '+º+ä+¦+º+¡+¬ +â+ä +¦+º+¦+¬+è+å +ê+¬+¿+º+»+ä +º+ä+é+è+º+»+¬', '+º+ä+º+¦+¬+à+¦+º+¦ +¿+ä+º +¬+ê+é+ü', 'B', NULL, true, '2025-12-29 15:02:08.691947');
INSERT INTO public.exam_questions (id, question_number, question_text, image_url, option_a, option_b, option_c, correct_answer, category, is_active, created_at) VALUES ('84021755-c9b8-44e4-82be-c60fd6104048', 54, '+à+¬+ë +è+Å+¦+¬+¦+à+ä +ü+¦+à+ä+¬ +º+ä+à+¡+¦+â+ƒ', NULL, '+ä+ä+Ñ+¿+++º+í +ü+è +º+ä+à+å+¡+»+¦+º+¬', '+ä+¦+è+º+»+¬ +º+ä+¦+¦+¦+¬', '+ä+¬+¡+¦+è+å +º+ä+¦+ê+¬', 'A', NULL, true, '2025-12-29 15:02:08.693595');
INSERT INTO public.exam_questions (id, question_number, question_text, image_url, option_a, option_b, option_c, correct_answer, category, is_active, created_at) VALUES ('33a0d0ca-fae6-4273-b82b-7776981b302d', 55, '+à+º +à+¦+å+ë +ê+¼+ê+» +â+º+à+è+¦+º +à+¦+º+é+¿+¬ +¦+ä+ë +º+ä+++¦+è+é+ƒ', NULL, '+à+¡+ä +¬+¦+ê+è+¦', '+à+¦+º+é+¿+¬ +ä+ä+¦+¦+¦+¬ +ê+º+¡+¬+à+º+ä +¦+¦+º+à+¬', '+ä+ä+¦+è+å+¬', 'B', NULL, true, '2025-12-29 15:02:08.695149');
INSERT INTO public.exam_questions (id, question_number, question_text, image_url, option_a, option_b, option_c, correct_answer, category, is_active, created_at) VALUES ('17cbb8f1-f070-402a-8a07-8118e0514357', 56, '+ü+è +ç+¦+ç +º+ä+¡+º+ä+¬ +º+ä+¼+ê+è+¬+î +à+º +º+ä+¬+¦+¦+ü +º+ä+¦+¡+è+¡+ƒ', 'rain-driving.jpeg', '+ú+¦+è+» +º+ä+¦+¦+¦+¬', '+ú+¡+º+ü++ +¦+ä+ë +å+ü+¦ +º+ä+¦+¦+¦+¬', '+ú+«+ü+¦ +º+ä+¦+¦+¦+¬', 'C', NULL, true, '2025-12-29 15:02:08.69644');
INSERT INTO public.exam_questions (id, question_number, question_text, image_url, option_a, option_b, option_c, correct_answer, category, is_active, created_at) VALUES ('faa0d452-d625-4448-8e1c-8bc7d64513e1', 57, '+à+º +à+¦+å+ë +ç+¦+ç +º+ä+¦+ä+º+à+¬+ƒ', 'bike-path.jpeg', '+à+à+¦ +»+¦+º+¼+º+¬', '+à+à+¦ +à+¦+º+¬', '+++¦+è+é +«+º+¦ +¿+º+ä+¦+º+¡+å+º+¬', 'A', NULL, true, '2025-12-29 15:02:08.697673');
INSERT INTO public.exam_questions (id, question_number, question_text, image_url, option_a, option_b, option_c, correct_answer, category, is_active, created_at) VALUES ('85487c19-1f8e-476d-bdd2-a14ab310a908', 58, '+¦+å+» +¦+ñ+è+¬ +ç+¦+ç +º+ä+¦+ä+º+à+¬+î +è+¼+¿:', 'speed-bump.jpeg', '+º+ä+à+¦+ê+¦ +¿+¦+¦+¦+¬', '+º+ä+º+¦+¬+¦+»+º+» +ä+ä+¬+ê+é+ü +ä+ê+¼+ê+» +à+++¿', '+à+å+¦ +º+ä+à+¦+ê+¦', 'B', NULL, true, '2025-12-29 15:02:08.698918');
INSERT INTO public.exam_questions (id, question_number, question_text, image_url, option_a, option_b, option_c, correct_answer, category, is_active, created_at) VALUES ('395940f9-f1cd-44c1-b740-9f64cc3836d3', 59, '+à+º +à+¦+å+ë +¦+ä+º+à+¬ +à+à+å+ê+¦ +º+ä+¦+¼+ê+¦ +Ñ+ä+ë +º+ä+«+ä+ü+ƒ', 'no-reverse.jpeg', '+à+¦+à+ê+¡ +º+ä+¦+¼+ê+¦', '+à+à+å+ê+¦ +º+ä+¦+¼+ê+¦ +ä+ä+«+ä+ü', '+++¦+è+é +¦+è+é', 'B', NULL, true, '2025-12-29 15:02:08.700115');
INSERT INTO public.exam_questions (id, question_number, question_text, image_url, option_a, option_b, option_c, correct_answer, category, is_active, created_at) VALUES ('a3e9a07d-b2fd-4838-a049-0fd238e8cce3', 60, '+ê+¼+ê+» +ç+¦+ç +º+ä+Ñ+¦+º+¦+¬ +è+¦+å+è:', 'slippery-warning.jpeg', '+++¦+è+é +¦+ê +ú+ê+ä+ê+è+æ+¬', '+à+å+¡+»+¦ +«+++è+¦', '+«+++¦ +º+ä+º+å+¦+ä+º+é', 'C', NULL, true, '2025-12-29 15:02:08.701336');
INSERT INTO public.exam_questions (id, question_number, question_text, image_url, option_a, option_b, option_c, correct_answer, category, is_active, created_at) VALUES ('bfb34436-19d1-4486-9cec-e756436135d1', 61, '+ç+¦+ç +º+ä+¦+ä+º+à+¬ +¬+¦+è+¦ +Ñ+ä+ë:', 'animals-cross.jpeg', '+¡+é+ä +¦+¦+º+¦+è', '+à+¦+ê+¦ +¡+è+ê+º+å+º+¬', '+++¦+è+é +¦+¦+è+¦', 'B', NULL, true, '2025-12-29 15:02:08.703048');
INSERT INTO public.exam_questions (id, question_number, question_text, image_url, option_a, option_b, option_c, correct_answer, category, is_active, created_at) VALUES ('fc81bf21-7888-4f6f-ba7c-20581df37d50', 62, '+à+º+¦+º +è+¦+å+è +ç+¦+º +º+ä+¦+ç+à +¦+ä+ë +º+ä+++¦+è+é+ƒ', 'right-arrow.jpeg', '+º+¬+¼+º+ç +Ñ+¼+¿+º+¦+è +ä+ä+è+à+è+å', '+à+¦+à+ê+¡ +º+ä+º+å+¦+++º+ü +ü+é++', '+à+«+¦+¼ +++¦+è+é', 'A', NULL, true, '2025-12-29 15:02:08.704309');
INSERT INTO public.exam_questions (id, question_number, question_text, image_url, option_a, option_b, option_c, correct_answer, category, is_active, created_at) VALUES ('f56969f7-f3db-4fa3-a783-ec5893cba4a6', 63, '+ç+¦+ç +º+ä+Ñ+¦+º+¦+¬ +¬+¦+å+è:', 'narrow-both-sides.jpeg', '+++¦+è+é +¦+è+é +à+å +¼+ç+¬ +ê+º+¡+»+¬', '+¼+¦+¦ +à+¬+¡+¦+â', '+++¦+è+é +¦+è+é +à+å +º+ä+¼+º+å+¿+è+å', 'C', NULL, true, '2025-12-29 15:02:08.705683');
INSERT INTO public.exam_questions (id, question_number, question_text, image_url, option_a, option_b, option_c, correct_answer, category, is_active, created_at) VALUES ('15466cf8-12ac-4f58-a08a-315efb6e8ea9', 64, '+¦+å+» +¦+ñ+è+¬ +ç+¦+ç +º+ä+¦+ä+º+à+¬ +è+¼+¿:', 'road-work.jpeg', '+º+ä+¬+ê+é+ü +ü+ê+¦+ï+º', '+º+ä+º+å+¬+¿+º+ç +ä+ê+¼+ê+» +ú+¦+¦+º+ä', '+º+ä+º+å+¦+++º+ü +è+¦+º+¦', 'B', NULL, true, '2025-12-29 15:02:08.707374');
INSERT INTO public.exam_questions (id, question_number, question_text, image_url, option_a, option_b, option_c, correct_answer, category, is_active, created_at) VALUES ('54045dbe-5a5c-49cb-a083-f6e345f52a9c', 65, '+à+º +à+¦+å+ë +ç+¦+ç +º+ä+¦+ä+º+à+¬ +º+ä+¦+¦+é+º+í+ƒ', 'oneway-blue.jpeg', '+++¦+è+é +¦+ê +º+¬+¼+º+ç+è+å', '+++¦+è+é +¦+¦+è+¦', '+++¦+è+é +¦+ê +º+¬+¼+º+ç +ê+º+¡+»', 'C', NULL, true, '2025-12-29 15:02:08.708883');
INSERT INTO public.exam_questions (id, question_number, question_text, image_url, option_a, option_b, option_c, correct_answer, category, is_active, created_at) VALUES ('7bffa29f-a3d5-4c00-9701-e382d3c6c46e', 66, '+ê+¼+ê+» +ç+¦+ç +º+ä+¦+ä+º+à+¬ +è+¦+å+è:', 'tunnel-sign.jpeg', '+à+¦+º+¦ +Ñ+¦+º+ü+è', '+å+ü+é', '+¼+¦+¦ +ü+ê+é+è', 'B', NULL, true, '2025-12-29 15:02:08.710523');
INSERT INTO public.exam_questions (id, question_number, question_text, image_url, option_a, option_b, option_c, correct_answer, category, is_active, created_at) VALUES ('035435de-be80-4e4a-9385-638f60cc2f93', 67, '+à+º +à+¦+å+ë +ç+¦+ç +º+ä+¦+ä+º+à+¬+ƒ', 'no-trucks.jpeg', '+à+à+å+ê+¦ +à+¦+ê+¦ +º+ä+¦+º+¡+å+º+¬', '+à+à+å+ê+¦ +à+¦+ê+¦ +º+ä+»+¦+º+¼+º+¬', '+++¦+è+é +«+º+¦ +¿+º+ä+¦+º+¡+å+º+¬', 'A', NULL, true, '2025-12-29 15:02:08.712213');
INSERT INTO public.exam_questions (id, question_number, question_text, image_url, option_a, option_b, option_c, correct_answer, category, is_active, created_at) VALUES ('5186e2aa-d908-4d5d-bd07-3f8fced04d28', 68, '+ç+¦+ç +º+ä+ä+ê+¡+¬ +¬+¦+è+¦ +Ñ+ä+ë:', 'steep-down.jpeg', '+à+å+¡+»+¦ +¡+º+»', '+à+å+¡+»+¦ +¦+¦+ê+»', '+++¦+è+é +¼+¿+ä+è', 'A', NULL, true, '2025-12-29 15:02:08.713555');
INSERT INTO public.exam_questions (id, question_number, question_text, image_url, option_a, option_b, option_c, correct_answer, category, is_active, created_at) VALUES ('532fc0b0-21b7-4751-9a59-2f280bcb69e6', 69, '+à+º+¦+º +è+¦+å+è +ç+¦+º +º+ä+¦+ê+í +º+ä+¿+¦+¬+é+º+ä+è +º+ä+ê+º+à+¦+ƒ', 'yellow-flash.jpeg', '+º+ä+à+¦+ê+¦ +à+à+å+ê+¦', '+º+ä+à+¦+ê+¦ +¿+¡+¦+¦', '+º+ä+¬+ê+é+ü +º+ä+Ñ+¼+¿+º+¦+è', 'B', NULL, true, '2025-12-29 15:02:08.714795');
INSERT INTO public.exam_questions (id, question_number, question_text, image_url, option_a, option_b, option_c, correct_answer, category, is_active, created_at) VALUES ('2b2b1ee2-e4b7-4462-b892-9843227fb361', 70, '+à+º +à+¦+å+ë +¦+ä+º+à+¬ +å+ç+º+è+¬ +º+ä+à+å+¦+ƒ', 'end-prohibition.jpeg', '+à+å+¦ +¼+»+è+»', '+å+ç+º+è+¬ +â+ä +ú+å+ê+º+¦ +º+ä+à+å+¦', '+¬+é+ä+è+ä +º+ä+¦+¦+¦+¬', 'B', NULL, true, '2025-12-29 15:02:08.716004');
INSERT INTO public.exam_questions (id, question_number, question_text, image_url, option_a, option_b, option_c, correct_answer, category, is_active, created_at) VALUES ('60815d66-dc73-4ecd-ae62-3a73e38291c1', 71, '+ç+¦+ç +º+ä+¦+ä+º+à+¬ +¬+¦+è+¦ +Ñ+ä+ë:', 'pedestrian-cross.jpeg', '+à+à+¦ +à+¦+º+¬', '+à+à+¦ +»+¦+º+¼+º+¬', '+à+à+¦ +¡+è+ê+º+å+º+¬', 'A', NULL, true, '2025-12-29 15:02:08.717252');
INSERT INTO public.exam_questions (id, question_number, question_text, image_url, option_a, option_b, option_c, correct_answer, category, is_active, created_at) VALUES ('741e317a-a4e7-4b62-934a-cb6cbe87996d', 72, '+ê+¼+ê+» +ç+¦+ç +º+ä+¦+ä+º+à+¬ +è+¦+å+è:', 'dead-end.jpeg', '+++¦+è+é +¦+ê +º+¬+¼+º+ç+è+å', '+++¦+è+é +à+¦+»+ê+¼', '+++¦+è+é +è+å+¬+ç+è', 'C', NULL, true, '2025-12-29 15:02:08.718488');
INSERT INTO public.exam_questions (id, question_number, question_text, image_url, option_a, option_b, option_c, correct_answer, category, is_active, created_at) VALUES ('e6cc41b6-e693-47bc-8a12-7b15138c2c79', 73, '+ü+è +ç+¦+ç +º+ä+ê+¦+¦+è+¬:', 'scenario-11-3.png', '+ú+¬+¦+â +º+ä+ú+ê+ä+ê+è+¬ +ä+ä+»+¦+º+¼+¬ +½+à +ú+ê+º+¦+ä +¦+è+¦+è', '+ú+¬+ê+é+ü', '+ú+å+¦+¦+¼ +Ñ+ä+ë +º+ä+è+à+è+å +¿+¦+» +à+¦+ê+¦ +º+ä+»+¦+º+¼+¬', 'A', NULL, true, '2025-12-29 15:02:08.719806');
INSERT INTO public.exam_questions (id, question_number, question_text, image_url, option_a, option_b, option_c, correct_answer, category, is_active, created_at) VALUES ('4b65874a-9035-4a0b-a79f-1151e15d4b86', 74, '+ü+è +ç+¦+ç +º+ä+ê+¦+¦+è+¬:', 'scenario-11-4.png', '+¬+¼+º+ê+¦ +º+ä+¦+è+º+¦+¬ +º+ä+¿+è+¦+º+í', '+ä+º +ú+¬+¼+º+ê+¦', 'N/A', 'B', NULL, true, '2025-12-29 15:02:08.721084');
INSERT INTO public.exam_questions (id, question_number, question_text, image_url, option_a, option_b, option_c, correct_answer, category, is_active, created_at) VALUES ('fb7a1ef5-7df8-4804-8500-37c08b0e1d2a', 75, '+ê+¦+¦+è+¬+è +ç+¦+ç +ü+è +º+ä+ê+é+ê+ü:', 'scenario-11-5.png', '+¬+¦+º+è+é +à+¦+¬+¦+à+ä+è +º+ä+++¦+è+é', '+¬+¬+¦+¿+¿ +ü+è +«+++¦ +ä+à+¦+¬+¦+à+ä+è +º+ä+++¦+è+é', 'N/A', 'B', NULL, true, '2025-12-29 15:02:08.722738');
INSERT INTO public.exam_questions (id, question_number, question_text, image_url, option_a, option_b, option_c, correct_answer, category, is_active, created_at) VALUES ('9a8cee66-9995-4e08-a510-c65620af93f1', 76, '+º+ä+¦+è+º+¦+¬ +º+ä+¦+à+º+»+è+¬ +¬+é+ü +ê +¬+¬+¦+é+¿:', 'scenario-11-6.png', '+å+¦+à', '+ä+º', 'N/A', 'B', NULL, true, '2025-12-29 15:02:08.724199');
INSERT INTO public.exam_questions (id, question_number, question_text, image_url, option_a, option_b, option_c, correct_answer, category, is_active, created_at) VALUES ('230bf9e7-818d-445a-acdd-9d668e516686', 77, '+º+ä+¦+ä+º+à+¬ +¬+¦+å+è:', 'scenario-11-8.png', '+à+¡+++¬ +ä+ä+¡+º+ü+ä+º+¬', '+à+à+¦ +«+º+¦ +ä+ä+¡+º+ü+ä+º+¬', '+à+à+¦ +à+à+å+ê+¦ +¦+ä+ë +º+ä+¡+º+ü+ä+º+¬', 'B', NULL, true, '2025-12-29 15:02:08.725597');
INSERT INTO public.exam_questions (id, question_number, question_text, image_url, option_a, option_b, option_c, correct_answer, category, is_active, created_at) VALUES ('49a6cef8-f9a6-42aa-ad7d-da47b5c29cff', 78, '+¿+¼+º+å+¿ +º+ä+¦+¦+è+ü:', 'scenario-11-11.png', '+è+à+â+å+å+è +º+ä+¬+ê+é+ü +ü+é++', '+è+à+â+å+å+è +º+ä+ê+é+ê+ü +ü+é++', '+ä+º +è+à+â+å+å+è +º+ä+ê+é+ê+ü +ê+º+ä+¬+ê+é+ü', 'C', NULL, true, '2025-12-29 15:02:08.726706');
INSERT INTO public.exam_questions (id, question_number, question_text, image_url, option_a, option_b, option_c, correct_answer, category, is_active, created_at) VALUES ('bb136f51-611d-4d09-97ed-f1202f81a315', 79, '+¦+»+à +º+ä+¬+å+º+¦+ä +ä+¦+è+º+¦+º+¬ +º+ä+Ñ+¦+¦+º+ü:', 'scenario-11-12.png', '+à+«+º+ä+ü+¬ +¦+º+»+è+¬', '+¼+å+¡+¬', '+à+«+º+ä+ü+¬ +«+++è+¦+¬', 'C', NULL, true, '2025-12-29 15:02:08.728163');
INSERT INTO public.exam_questions (id, question_number, question_text, image_url, option_a, option_b, option_c, correct_answer, category, is_active, created_at) VALUES ('a7770822-faaf-47ed-ae36-e53004b0f83a', 80, '+à+à+å+ê+¦ +º+ä+¦+¼+ê+¦ +¦+ä+ë +º+ä+ú+¦+é+º+¿:', 'scenario-11-14.png', '+ü+è +à+¦+¬+ê+ë +º+ä+¦+ä+º+à+¬ +ü+é++', '+é+¿+ä +º+ä+¦+ä+º+à+¬ +ê+ü+è +à+¦+¬+ê+ë +º+ä+¦+ä+º+à+¬', 'N/A', 'B', NULL, true, '2025-12-29 15:02:08.729458');
INSERT INTO public.exam_questions (id, question_number, question_text, image_url, option_a, option_b, option_c, correct_answer, category, is_active, created_at) VALUES ('cddd61c4-b83e-4893-838b-4c7704b0d612', 81, '+º+ä+¦+ê+í +¿+¦+¬+é+º+ä+è +¦+ü+æ+º+ü:', 'scenario-11-15.png', '+ú+à+¦ +¿+¡+¦+¦ +»+ê+å +º+ä+¬+ê+é+ü', '+º+ä+ú+ê+ä+ê+è+¬ +ä+ä+è+à+è+å', '+ú+¬+ê+é+ü +ü+è +à+¦+¬+ê+ë +º+ä+«++ +º+ä+ú+¿+è+¦', 'A', NULL, true, '2025-12-29 15:02:08.731304');
INSERT INTO public.exam_questions (id, question_number, question_text, image_url, option_a, option_b, option_c, correct_answer, category, is_active, created_at) VALUES ('b1d6b18d-59ee-4f7b-af53-00fe3f1f2bee', 82, '+¿+¦+«+¦+¬ +¦+è+º+é+¬ +à+å +¦+å+ü "+¿" +è+à+â+å+å+è +é+è+º+»+¬ +¦+¦+¿+¬:', 'scenario-11-22.png', '+à+å +¦+å+ü "+¿" +ü+é++', '+à+å +¦+å+ü "+¡"', '+à+å +¦+å+ü "+ú"', 'A', NULL, true, '2025-12-29 15:02:08.732351');
INSERT INTO public.exam_questions (id, question_number, question_text, image_url, option_a, option_b, option_c, correct_answer, category, is_active, created_at) VALUES ('431837dd-ac4f-4b1e-9a4e-d9bbb9ef021c', 83, '+º+ä+à+ü+¬+¦+é +¦+ê +º+¬+¼+º+ç +»+ê+¦+º+å+è:', 'scenario-11-23.png', '+ú+¬+¦+â +º+ä+ú+ê+ä+ê+è+¬ +ä+ä+¦+è+º+¦+¬ +º+ä+¿+è+¦+º+í', '+ú+à+¦ +é+¿+ä +º+ä+¦+è+º+¦+¬ +º+ä+¿+è+¦+º+í', '+ú+¬+¦+â +º+ä+ú+ê+ä+ê+è+¬ +Ñ+ä+ë +º+ä+è+à+è+å', 'B', NULL, true, '2025-12-29 15:02:08.733573');
INSERT INTO public.exam_questions (id, question_number, question_text, image_url, option_a, option_b, option_c, correct_answer, category, is_active, created_at) VALUES ('de94d52d-3a62-4369-bbc2-e5c9e39e60b9', 84, '+ü+è +ç+¦+ç +º+ä+ê+¦+¦+è+¬:', 'scenario-11-24.png', '+ú+à+¦ +ü+è +º+ä+à+¦+¬+¿+¬ +º+ä+ú+«+è+¦+¬', '+ú+à+¦ +ü+è +º+ä+à+¦+¬+¿+¬ +º+ä+½+º+å+è+¬', '+ú+à+¦ +¿+¦+» +º+ä+¦+è+º+¦+¬ +º+ä+¡+à+¦+º+í', 'C', NULL, true, '2025-12-29 15:02:08.734875');
INSERT INTO public.exam_questions (id, question_number, question_text, image_url, option_a, option_b, option_c, correct_answer, category, is_active, created_at) VALUES ('a89d0468-c146-4168-8f22-21343a5d426a', 85, '+å+ç+º+è+¬ +º+ä+ú+ê+ä+ê+è+¬:', 'scenario-15-11.png', '+å+ç+º+è+¬ +º+ä+ú+ê+ä+ê+è+¬ +¿+¦+» 400 +à', '+¿+»+º+è+¬ +º+ä+ú+ê+ä+ê+è+¬ +¿+¦+» 400 +à', 'N/A', 'A', NULL, true, '2025-12-29 15:02:08.736081');
INSERT INTO public.exam_questions (id, question_number, question_text, image_url, option_a, option_b, option_c, correct_answer, category, is_active, created_at) VALUES ('db1f4596-6fc1-4075-a70e-643f4a9ea414', 86, '+¿+¦+» +º+ä+Ñ+¦+º+¦+¬ +º+ä+¦+ê+ª+è+¬:', 'scenario-15-13.png', '+à+ê+º+¦+ä+º+¬ +º+ä+¦+è+¦ +Ñ+ä+ë +º+ä+ú+à+º+à +ü+é++', '+è+à+â+å+å+è +º+ä+»+ê+¦+º+å +Ñ+ä+ë +º+ä+è+¦+º+¦', '+à+ê+º+¦+ä+º+¬ +º+ä+¦+è+¦ +Ñ+ä+ë +º+ä+ú+à+º+à +ú+ê +º+ä+»+ê+¦+º+å +Ñ+ä+ë +º+ä+è+¦+º+¦', 'C', NULL, true, '2025-12-29 15:02:08.737297');
INSERT INTO public.exam_questions (id, question_number, question_text, image_url, option_a, option_b, option_c, correct_answer, category, is_active, created_at) VALUES ('a1f8b202-db5c-43f3-9b8f-884aa855e1ac', 87, '+º+ä+¬+à+¬+¦ +¿+º+ä+ú+ê+ä+ê+è+¬ +¿+º+ä+å+¦+¿+¬ +ä+ä+Ñ+¬+¼+º+ç +º+ä+à+¦+º+â+¦:', 'scenario-15-19.png', '+++¦+è+é +¦+º+¬ +º+¬+¼+º+ç+è+å', '+º+ä+ú+ê+ä+ê+è+¬ +ä+ä+Ñ+¬+¼+º+ç +º+ä+à+¦+º+â+¦', '+º+ä+¬+à+¬+¦ +¿+º+ä+ú+ê+ä+ê+è+¬ +¿+º+ä+å+¦+¿+¬ +ä+ä+Ñ+¬+¼+º+ç +º+ä+à+¦+º+â+¦', 'C', NULL, true, '2025-12-29 15:02:08.739217');
INSERT INTO public.exam_questions (id, question_number, question_text, image_url, option_a, option_b, option_c, correct_answer, category, is_active, created_at) VALUES ('937a0bef-530a-4b1b-83c8-1dd8612e63f6', 88, '+º+ä+é+º+»+à+è+å +ü+è +º+ä+Ñ+¬+¼+º+ç +º+ä+à+¦+º+â+¦ +¬+¦+¬+¦+¦+ç+à:', 'scenario-15-21.png', '+¦+ä+º+à+¬ +à+å+¦: +Ñ+¬+¼+º+ç +à+à+å+ê+¦', '+¦+ä+º+à+¬ +Ñ+¦+¦+º+»: +¡+¦+â+¬ +º+ä+¼+ê+ä+º+å +¦+º+¬ +Ñ+¬+¼+º+ç +ê+º+¡+»', 'N/A', 'B', NULL, true, '2025-12-29 15:02:08.740773');
INSERT INTO public.exam_questions (id, question_number, question_text, image_url, option_a, option_b, option_c, correct_answer, category, is_active, created_at) VALUES ('bf268dc0-9469-4a01-85a9-b9c716e37dcc', 89, '+ç+¦+ç +º+ä+¦+ä+º+à+¬ +¬+¦+ä+å +¦+å:', 'scenario-15-29.png', '+à+å+¦+¦+¼+º+¬ +à+¬+¬+º+ä+è+¬ +ú+ê+ä+ç+º +¦+ä+ë +º+ä+è+¦+º+¦', '+à+å+¦+¦+¼+è+å +«+++è+¦+è+å +ú+ê+ä+ç+º +¦+ä+ë +º+ä+è+¦+º+¦', '+à+å+¦+¦+¼ +ê+º+¡+» +«+++è+¦ +¦+ä+ë +º+ä+è+¦+º+¦', 'B', NULL, true, '2025-12-29 15:02:08.742078');
INSERT INTO public.exam_questions (id, question_number, question_text, image_url, option_a, option_b, option_c, correct_answer, category, is_active, created_at) VALUES ('2b6dbb6a-97ed-4153-8f11-76882aa35307', 90, '+º+ä+¦+¦++ +º+ä+à+å+«+ü+¦ +è+å+¼+¦ +¦+å+ç:', 'scenario-7-2.jpeg', '+Ñ+¦+¬+ü+º+¦ +ü+è +º+ä+¡+¦+º+¦+¬ +ê+¬+à+¦+é +ü+è +º+ä+Ñ+++º+¦', '+é+è+º+»+¬ +½+º+¿+¬+¬ +ä+ä+¦+¦+¿+¬', 'N/A', 'A', NULL, true, '2025-12-29 15:02:08.743431');
INSERT INTO public.exam_questions (id, question_number, question_text, image_url, option_a, option_b, option_c, correct_answer, category, is_active, created_at) VALUES ('8a469cc8-14cb-4efd-a3e7-f5007ec8b221', 91, '+¿+º+ä+à+ü+¬+¦+é +º+ä+é+º+»+à:', 'scenario-7-4.png', '+ú+ê+º+¦+ä +¦+è+¦+è +»+ê+å +ü+¦+¡ +º+ä+à+¼+º+ä', '+º+ü+¦+¡ +º+ä+à+¼+º+ä +½+à +ú+ê+º+¦+ä +¦+è+¦+è', '+è+¼+¿ +º+ä+¬+ê+é+ü +ê+ü+¦+¡ +º+ä+à+¼+º+ä', 'B', NULL, true, '2025-12-29 15:02:08.744957');
INSERT INTO public.exam_questions (id, question_number, question_text, image_url, option_a, option_b, option_c, correct_answer, category, is_active, created_at) VALUES ('1d4509e3-2998-4648-8333-51b8bea48790', 92, '+¦+å+» +º+ä+¦+è+¦ +¿+¦+¦+¦+¬ 70 +â+ä+à/+¦ +ê+¦+º+í +ç+¦+ç +º+ä+¦+º+¡+å+¬:', 'scenario-7-6.png', '+è+¼+¿ +¬+¦+â +à+¦+º+ü+º+¬ +ú+à+º+å +ä+º +¬+é+ä +¦+å 21 +à', '+ä+º +¬+é+ä +¦+å 50 +à', '+ä+º +¬+é+ä +¦+å 70 +à', 'B', NULL, true, '2025-12-29 15:02:08.745825');
INSERT INTO public.exam_questions (id, question_number, question_text, image_url, option_a, option_b, option_c, correct_answer, category, is_active, created_at) VALUES ('ce901980-3292-4431-b3fa-5cfcd17d47ac', 93, '+¿+»+º+è+¬ +à+å +ç+¦+ç +º+ä+¦+ä+º+à+¬ +è+à+â+å+å+è:', 'scenario-7-12.png', '+à+¼+º+ê+¦+¬ +º+ä+¦+º+¡+å+¬ +ü+é++', '+à+¼+º+ê+¦+¬ +º+ä+¦+è+º+¦+º+¬ +º+ä+«+ü+è+ü+¬ +ü+é++', '+à+¼+º+ê+¦+¬ +¼+à+è+¦ +ú+¦+å+º+ü +º+ä+¦+¦+¿+º+¬', 'C', NULL, true, '2025-12-29 15:02:08.746668');
INSERT INTO public.exam_questions (id, question_number, question_text, image_url, option_a, option_b, option_c, correct_answer, category, is_active, created_at) VALUES ('52c5633b-0f72-477d-857f-51d47155cb92', 94, '+ç+¦+ç +º+ä+¦+¦+¿+¬ +ü+è +¡+º+ä+¬ +ê+é+ê+ü +é+º+å+ê+å+è +ä+ú+å+ç+º +¬+ê+¼+»:', 'scenario-7-14.png', '+¦+ä+ë +ú+é+ä +à+å 3 +ú+à+¬+º+¦ +à+å +º+ä+à+ü+¬+¦+é', '+¦+ä+ë +ú+â+½+¦ +à+å 3 +ú+à+¬+º+¦ +à+å +º+ä+à+ü+¬+¦+é', '+¦+ä+ë +ú+â+½+¦ +à+å +à+¬+¦+è+å (2) +à+å +º+ä+à+ü+¬+¦+é', 'B', NULL, true, '2025-12-29 15:02:08.747584');
INSERT INTO public.exam_questions (id, question_number, question_text, image_url, option_a, option_b, option_c, correct_answer, category, is_active, created_at) VALUES ('37821ffe-21d2-4822-b0ec-45a4e94822e4', 95, '+¬+¬+à+¬+¦ +ç+¦+ç +º+ä+¦+¦+¿+¬ +¿+º+ä+ú+ê+ä+ê+è+¬ +¦+å+» +º+¦+¬+¦+à+º+ä+ç+º +º+ä+à+å+¿+ç+º+¬ +º+ä+¦+ê+ª+è+¬:', 'scenario-towtruck.png', '+å+¦+à', '+ä+º', 'N/A', 'A', NULL, true, '2025-12-29 15:02:08.748488');
INSERT INTO public.exam_questions (id, question_number, question_text, image_url, option_a, option_b, option_c, correct_answer, category, is_active, created_at) VALUES ('844c34bc-e4be-4f53-b536-dc6bfd85792b', 96, '+è+à+â+å+å+è +º+ä+ê+é+ê+ü +«+ä+ü +ç+¦+ç +º+ä+¦+è+º+¦+¬', 'scenario-no-parking-1.jpeg', '+å+¦+à', '+ä+º', 'N/A', 'B', NULL, true, '2025-12-29 15:02:08.749452');
INSERT INTO public.exam_questions (id, question_number, question_text, image_url, option_a, option_b, option_c, correct_answer, category, is_active, created_at) VALUES ('7b8bc33b-1be1-4117-8b77-5e8873b3cb3c', 97, '+¿+º+ä+++¦+è+é +º+ä+¦+è+º+¦+¬+î +ê+à+½+ä +ç+¦+ç +º+ä+¦+è+º+¦+¬ +è+à+â+å+å+è +º+ä+¬+ê+é+ü:', 'scenario-highway-stop.jpeg', '+ä+ä+Ñ+++ä+º+¦ +¦+ä+ë +«+¦+è+++¬ +++¦+é+º+¬', '+ä+º+¦+ä+º+¡ +¦+++¿ +++º+¦+ª', 'N/A', 'B', NULL, true, '2025-12-29 15:02:08.750307');
INSERT INTO public.exam_questions (id, question_number, question_text, image_url, option_a, option_b, option_c, correct_answer, category, is_active, created_at) VALUES ('55637498-0904-4ca6-bb05-ee1251168222', 98, '+ä+ä+¦+è+¦ +Ñ+ä+ë +º+ä+ú+à+º+à+î +ú+à+¦ +ü+è +º+ä+à+¦+¬+¿+¬:', 'scenario-merge-right.png', '+º+ä+ú+ê+ä+ë', '+º+ä+½+º+å+è+¬', '+º+ä+½+º+ä+½+¬', 'B', NULL, true, '2025-12-29 15:02:08.751099');
INSERT INTO public.exam_questions (id, question_number, question_text, image_url, option_a, option_b, option_c, correct_answer, category, is_active, created_at) VALUES ('6457b7e4-7836-41ac-b287-34f97752838f', 99, '+è+¬+¦+¦+¦ +º+ä+¦+º+ª+é +º+ä+¦+è +ä+º +è+¡+¬+¦+à +Ñ+¦+º+¦+º+¬ +º+ä+¦+ê+å +Ñ+ä+ë:', 'scenario-police-signal.jpeg', '+«+¦+à 6 +å+é+º++', '+º+ä+¦+¼+å +ä+à+»+¬ +ú+é+¦+º+ç+º +¦+ç+¦', '+«+++è+¬ +à+º+ä+è+¬ +ú+é+¦+º+ç+º 200 +»+è+å+º+¦', 'C', NULL, true, '2025-12-29 15:02:08.75189');
INSERT INTO public.exam_questions (id, question_number, question_text, image_url, option_a, option_b, option_c, correct_answer, category, is_active, created_at) VALUES ('ca9c47e6-5f7f-483f-a264-ce80b6735a0e', 100, '+¦+å+» +å+¦+ê+ä +º+ä+à+++¦+î +»+¦+¼+¬ +º+¡+¬+â+º+â +º+ä+¦+¼+ä+º+¬ +¿+º+ä+à+¦+¿+»:', 'scenario-rain-friction.jpeg', '+ä+º +¬+¬+¦+è+¦', '+¬+¦+¬+ü+¦', '+¬+å+«+ü+¦', 'C', NULL, true, '2025-12-29 15:02:08.752772');
INSERT INTO public.exam_questions (id, question_number, question_text, image_url, option_a, option_b, option_c, correct_answer, category, is_active, created_at) VALUES ('e5efc03b-2b4f-493c-96a2-10b34c7c1fc9', 101, '+è+ñ+»+è +º+¦+¬+¦+à+º+ä +à+«+à+»+º+¬ +à+¬+ç+º+ä+â+¬ +Ñ+ä+ë:', 'scenario-shocks.png', '+º+¦+¬+ü+º+¦ +ü+è +à+¦+º+ü+¬ +º+ä+ü+¦+à+ä+¬', '+º+å+«+ü+º+¦ +ü+è +à+¦+º+ü+¬ +º+ä+ü+¦+à+ä+¬', '+ä+è+¦ +ä+ç +¬+ú+½+è+¦ +¦+ä+ë +à+¦+º+ü+¬ +º+ä+ü+¦+à+ä+¬', 'A', NULL, true, '2025-12-29 15:02:08.754124');
INSERT INTO public.exam_questions (id, question_number, question_text, image_url, option_a, option_b, option_c, correct_answer, category, is_active, created_at) VALUES ('71e2e3a8-76a3-4e13-9a3c-f271ce854fd8', 102, '+¿+ç+¦+º +º+ä+å+ç+¼ +è+â+ê+å +º+ä+¼+ê+ä+º+å +ü+è +º+¬+¼+º+ç +ê+º+¡+»', 'scenario-dead-end.png', '+å+¦+à', '+ä+º', 'N/A', 'A', NULL, true, '2025-12-29 15:02:08.755226');
INSERT INTO public.exam_questions (id, question_number, question_text, image_url, option_a, option_b, option_c, correct_answer, category, is_active, created_at) VALUES ('63e31d27-a85a-49b6-9db3-29e437415c3f', 103, '+¿+¦+» +ç+¦+ç +º+ä+¦+ä+º+à+¬ +¦+ê+ü +è+¦+¬+¦+¦+å+è:', 'scenario-bump.png', '+++¦+è+é +à+¦+å+à', '+à+«+ü+¦ +ä+ä+¦+¦+¦+¬', '+à+å+¦+¦+¼', 'A', NULL, true, '2025-12-29 15:02:08.756448');
INSERT INTO public.exam_questions (id, question_number, question_text, image_url, option_a, option_b, option_c, correct_answer, category, is_active, created_at) VALUES ('149ee851-681b-4861-b40b-fb5b0891eada', 104, '+ä+ä+¦+è+¦ +Ñ+ä+ë +º+ä+ú+à+º+à:', 'scenario-forward-no-stop.png', '+ú+¬+ê+é+ü +½+à +ú+à+¦', '+»+ê+å +ú+å +ú+¬+ê+é+ü', 'N/A', 'B', NULL, true, '2025-12-29 15:02:08.757318');
INSERT INTO public.exam_questions (id, question_number, question_text, image_url, option_a, option_b, option_c, correct_answer, category, is_active, created_at) VALUES ('210a07ab-6709-4bfa-bdb3-5596170a7f3c', 105, '+ú+å+¦+++ü +Ñ+ä+ë +º+ä+è+à+è+å:', 'scenario-turn-right.png', '+ú+à+¦ +ü+è +º+ä+à+¦+¬+¿+¬ +º+ä+ú+ê+ä+ë', '+ú+à+¦ +ü+è +º+ä+à+¦+¬+¿+¬ +º+ä+½+º+å+è+¬', '+ú+à+¦ +ü+è +º+ä+à+¦+¬+¿+¬ +º+ä+½+º+ä+½+¬', 'A', NULL, true, '2025-12-29 15:02:08.758264');
INSERT INTO public.exam_questions (id, question_number, question_text, image_url, option_a, option_b, option_c, correct_answer, category, is_active, created_at) VALUES ('1b90e194-ac47-468f-8ba2-8b04f9d51bac', 106, '+é+¿+ä +º+å +º+¬+ê+¦+ä +º+¬+¦+â +º+ä+º+ê+ä+ê+è+¬', 'priority-dirt-road.png', '+º+ä+ë +º+ä+è+à+è+å +ü+é++', '+º+ä+ë +º+ä+è+à+è+å +ê +º+ä+è+¦+º+¦', '+º+ä+ë +º+ä+è+¦+º+¦ +ü+é++', 'B', NULL, true, '2025-12-29 15:02:08.759304');
INSERT INTO public.exam_questions (id, question_number, question_text, image_url, option_a, option_b, option_c, correct_answer, category, is_active, created_at) VALUES ('e6fe2ef3-fcc6-4758-ba85-13fdbf665d44', 107, '+ú+¦+è+¦ +¿+¦+¦+¦+¬ 90 +â+à +ü+è +º+ä+¦+º+¦+¬ +î +¬+â+ê+å +à+¦+º+ü+¬ +º+ä+¬+ê+é+ü', 'stopping-distance-90.png', '27 +à+¬+¦', '81 +à+¬+¦', '120 +à+¬+¦', 'B', NULL, true, '2025-12-29 15:02:08.760074');
INSERT INTO public.exam_questions (id, question_number, question_text, image_url, option_a, option_b, option_c, correct_answer, category, is_active, created_at) VALUES ('36006064-8054-4e5e-a0a6-0166659fb850', 108, '+¬+¦+è+¦ +ç+¦+ç +º+ä+à+ä+¦+é+¬ +¿+ú+å +ç+¦+ç +º+ä+¦+¦+¿+¬ +¬+å+é+ä +à+º+»+¬', 'biohazard-truck.jpeg', '+¦+º+à+¬', '+¬+à+½+ä +«+++¦ +¦+»+ê+ë', '+ó+â+ä+¬ +ú+ê +à+è+¿+è+»+¬', 'C', NULL, true, '2025-12-29 15:02:08.760992');
INSERT INTO public.exam_questions (id, question_number, question_text, image_url, option_a, option_b, option_c, correct_answer, category, is_active, created_at) VALUES ('31c4bfae-da7a-428b-9431-44679a858d22', 109, '+¬+¬+à +º+ä+Ñ+¦+º+¦+¬ +Ñ+ä+ë +º+ä+¡+à+ê+ä+¬ +Ñ+¦+º +¬+¼+º+ê+¦+¬ +à+ñ+«+¦+¬ +º+ä+¦+¦+¿+¬ +¿', 'overload-pickup.png', '1 +à+¬+¦', '1.5 +à+¬+¦', '3 +à+¬+¦', 'B', NULL, true, '2025-12-29 15:02:08.761717');
INSERT INTO public.exam_questions (id, question_number, question_text, image_url, option_a, option_b, option_c, correct_answer, category, is_active, created_at) VALUES ('5b391ee5-2e9a-4da9-94a0-6e524d9cb6eb', 110, '+¬+¦+è+¦ +ç+¦+ç +º+ä+¦+è+º+¦+¬ +¿+¦+¦+¦+¬ 70 +â+à +ü+è +º+ä+¦+º+¦+¬ +è+à+â+å+å+è +à+¼+º+ê+¦+¬+ç+º', 'overtake-signal.png', '+å+¦+à', '+ä+º', 'N/A', 'B', NULL, true, '2025-12-29 15:02:08.762616');
INSERT INTO public.exam_questions (id, question_number, question_text, image_url, option_a, option_b, option_c, correct_answer, category, is_active, created_at) VALUES ('da49b2b0-6ed6-416a-bec7-b49b37af4734', 111, '+º+ä+à+é+º+++¦+¬ +¦+¦+¿+¬ +¿+ç+¦+ç +º+ä+++¦+è+é: +à+å +è+à+¦ +ú+ê+ä+º+ƒ', 'narrow-road-truck.png', '+¦+è+º+¦+¬+è', '+º+ä+¦+º+¡+å+¬', 'N/A', 'B', NULL, true, '2025-12-29 15:02:08.763348');
INSERT INTO public.exam_questions (id, question_number, question_text, image_url, option_a, option_b, option_c, correct_answer, category, is_active, created_at) VALUES ('1592bad8-abaf-462f-a664-b7ba590fd49a', 112, '+é+¿+ä +ú+å +ú+¬+¼+º+ê+¦ +è+¼+¿ +¦+ä+è +»+º+ª+à+º', 'overtake-signal.png', '+¬+¦+¦+è+ä +¦+ê+í +¬+¦+è+è+¦ +º+ä+Ñ+¬+¼+º+ç', '+º+ä+é+è+º+à +¿+º+ä+¬+å+¿+è+ç +º+ä+¦+ê+ª+è', '+Ñ+¦+¬+¦+à+º+ä +º+ä+à+å+¿+ç +º+ä+¦+ê+¬+è', 'A', NULL, true, '2025-12-29 15:02:08.764296');
INSERT INTO public.exam_questions (id, question_number, question_text, image_url, option_a, option_b, option_c, correct_answer, category, is_active, created_at) VALUES ('0a0f49e1-8df9-4b8f-b35e-0b513a6abe86', 113, '+ä+º+¦+¬+¦+à+º+ä +à+¦+ä+â +º+ä+«+¦+ê+¼ +º+ä+é+º+»+à', 'highway-exit.png', '+ú+ü+¦+à+ä +ê +ú+å+¡+º+¦ +Ñ+ä+ë +º+ä+è+à+è+å +¦+ä+ë +º+ä+ü+ê+¦', '+ú+«+¦ +à+â+º+å+è +ü+ê+¦+º +¦+ä+ë +º+ä+è+à+è+å +ê +ú+ü+¦+à+ä', '+ú+¦+¦+ä +¦+ê+í +¬+¦+è+è+¦ +º+ä+Ñ+¬+¼+º+ç +ê +ú+Å+«+ü+æ+¦ +à+å +º+ä+¦+¦+¦+¬ +¦+ä+ë +à+¦+¬+ê+ë +º+ä+¦+ä+º+à+º+¬', 'C', NULL, true, '2025-12-29 15:02:08.765013');
INSERT INTO public.exam_questions (id, question_number, question_text, image_url, option_a, option_b, option_c, correct_answer, category, is_active, created_at) VALUES ('53d3ed2f-266d-4ac1-9990-970c1a484fe6', 114, '+è+å+¬+é+ä +º+ä+¦+ê+í +à+å +º+ä+ú+«+¦+¦ +Ñ+ä+ë +º+ä+¿+¦+¬+é+º+ä+è+î +à+º+¦+º +ú+ü+¦+ä+ƒ', 'traffic-light-orange.png', '+ú+à+¦', '+ú+¬+ê+é+ü', 'N/A', 'B', NULL, true, '2025-12-29 15:02:08.765962');
INSERT INTO public.exam_questions (id, question_number, question_text, image_url, option_a, option_b, option_c, correct_answer, category, is_active, created_at) VALUES ('0435d068-ee9f-42c2-9d09-156fc0e3fcb2', 115, '+¦+ê+ü +è+¦+¬+¦+¦+å+è:', 'roundabout-30kmh.png', '+à+ü+¬+¦+é +++¦+é+º+¬ +¦+ê +º+¬+¼+º+ç +»+ê+¦+º+å+è', '+à+å+¦+¦+¼ +«+++è+¦ +¦+ä+ë +º+ä+è+¦+º+¦', '+à+¦+è+¦ +¿+»+ê+å +à+å+ü+¦', 'A', NULL, true, '2025-12-29 15:02:08.766681');
INSERT INTO public.exam_questions (id, question_number, question_text, image_url, option_a, option_b, option_c, correct_answer, category, is_active, created_at) VALUES ('48877c55-460e-4229-ae85-21cdd0f089a3', 116, '+¡+¦+â+¬ +º+ä+¼+ê+ä+º+å +à+¦+++æ+ä+¬ +ú+à+º+à+è+î +à+º+¦+º +ú+ü+¦+ä+ƒ', 'blocked-intersection.png', '+ú+¬+é+»+à +Ñ+ä+ë +¡+»+ê+» +º+ä+¦+è+º+¦+¬ +º+ä+¿+è+¦+º+í', '+ú+¬+ê+é+ü +é+¿+ä +º+ä+à+ü+¬+¦+é', 'N/A', 'B', NULL, true, '2025-12-29 15:02:08.767732');
INSERT INTO public.exam_questions (id, question_number, question_text, image_url, option_a, option_b, option_c, correct_answer, category, is_active, created_at) VALUES ('5a0e56b5-19af-41b9-8366-d6e9885595a0', 117, '+é+¿+ä +º+ä+Ñ+å+¦+++º+ü +Ñ+ä+ë +º+ä+è+à+è+å +è+¼+¿ +¦+ä+è', 'yield-right-turn.png', '+ú+å +ú+¬+¦+â +º+ä+ú+ê+ä+ê+è+¬ +Ñ+ä+ë +º+ä+è+¦+º+¦ +ü+é++', '+ú+å +ú+¬+¦+â +º+ä+ú+ê+ä+ê+è+¬ +Ñ+ä+ë +º+ä+è+¦+º+¦ +ê +º+ä+è+à+è+å', '+ú+å +ú+¬+ê+é+ü', 'B', NULL, true, '2025-12-29 15:02:08.76845');
INSERT INTO public.exam_questions (id, question_number, question_text, image_url, option_a, option_b, option_c, correct_answer, category, is_active, created_at) VALUES ('3c9f7460-5b58-4d41-bc44-94441c557411', 118, '+è+à+â+å+å+è +º+ä+¬+ê+é+ü +ê +º+ä+ê+é+ê+ü', 'parking-both-sides.png', '+¦+ä+ë +º+ä+è+à+è+å +ü+é++', '+¦+ä+ë +º+ä+è+¦+º+¦ +ü+é++', '+¦+ä+ë +¼+º+å+¿+è +º+ä+å+ç+¼', 'C', NULL, true, '2025-12-29 15:02:08.769397');
INSERT INTO public.exam_questions (id, question_number, question_text, image_url, option_a, option_b, option_c, correct_answer, category, is_active, created_at) VALUES ('5d7645b3-89c7-4f92-95e4-0011bfe18e0a', 119, '+¬+¦+ä+å +ç+¦+ç +º+ä+¦+ä+º+à+¬ +¦+å', 'work-200m-warning.png', '+¿+»+º+è+¬ +ú+¦+¦+º+ä +¿+¦+» 200+à', '+++¦+è+é +à+é+++ê+¦+¬ +¿+¦+» 200+à', 'N/A', 'A', NULL, true, '2025-12-29 15:02:08.770107');
INSERT INTO public.exam_questions (id, question_number, question_text, image_url, option_a, option_b, option_c, correct_answer, category, is_active, created_at) VALUES ('25166c2c-8643-45a4-a973-c6c5ae9e4e59', 120, '+º+ä+¦+ä+º+à+¬ +¬+¦+å+è', 'priority-to-oncoming-traffic.png', '+º+ä+ú+ê+ä+ê+è+¬ +ä+ä+Ñ+¬+¼+º+ç +º+ä+à+¦+º+â+¦', '+º+ä+ú+ê+ä+ê+è+¬ +¿+º+ä+å+¦+¿+¬ +ä+ä+Ñ+¬+¼+º+ç +º+ä+à+¦+º+â+¦', 'N/A', 'B', NULL, true, '2025-12-29 15:02:08.770828');
INSERT INTO public.exam_questions (id, question_number, question_text, image_url, option_a, option_b, option_c, correct_answer, category, is_active, created_at) VALUES ('698ef8de-9212-44f6-9f42-9f51153e8be1', 121, '+º+ä+¦+¦+¦+¬ +à+¡+»+»+¬', 'speed-limit-110-reminder.png', '+é+¿+ä +º+ä+¦+ä+º+à+¬ +ü+é++', '+¿+¦+» +º+ä+¦+ä+º+à+¬ +ü+é++', '+é+¿+ä +ê +¿+¦+» +º+ä+¦+ä+º+à+¬', 'B', NULL, true, '2025-12-29 15:02:08.772248');



INSERT INTO public.exam_sessions (id, student_id, started_at, completed_at, total_questions, correct_answers, wrong_answers, score, passed, time_taken_seconds) VALUES ('97dac4ab-f9ad-443b-828e-9c96baee2523', '5b96c763-c976-4a35-8d27-17d9378a5f35', '2025-12-29 17:11:20.280979', '2025-12-29 17:12:20.16317', 30, 11, 19, 36.67, false, 60);
INSERT INTO public.exam_sessions (id, student_id, started_at, completed_at, total_questions, correct_answers, wrong_answers, score, passed, time_taken_seconds) VALUES ('712841ca-ad93-4281-a4f7-46e1a1e3066c', '5b96c763-c976-4a35-8d27-17d9378a5f35', '2025-12-29 18:02:19.239947', NULL, 30, 0, 0, NULL, NULL, NULL);
INSERT INTO public.exam_sessions (id, student_id, started_at, completed_at, total_questions, correct_answers, wrong_answers, score, passed, time_taken_seconds) VALUES ('6713e16e-37c1-4748-9dc0-20bb817f6fb8', '5b96c763-c976-4a35-8d27-17d9378a5f35', '2025-12-29 18:16:49.999778', '2025-12-29 18:17:48.977995', 30, 20, 10, 66.67, false, 59);
INSERT INTO public.exam_sessions (id, student_id, started_at, completed_at, total_questions, correct_answers, wrong_answers, score, passed, time_taken_seconds) VALUES ('68f9b153-c3f7-42cc-ba5d-4d77792f4fc8', '5b96c763-c976-4a35-8d27-17d9378a5f35', '2025-12-30 11:39:05.655862', NULL, 30, 0, 0, NULL, NULL, NULL);
INSERT INTO public.exam_sessions (id, student_id, started_at, completed_at, total_questions, correct_answers, wrong_answers, score, passed, time_taken_seconds) VALUES ('57feb598-af50-4fa5-892e-164bfbe7a240', '5b96c763-c976-4a35-8d27-17d9378a5f35', '2025-12-31 14:34:42.799659', '2025-12-31 14:36:03.350908', 30, 11, 19, 36.67, false, 80);
INSERT INTO public.exam_sessions (id, student_id, started_at, completed_at, total_questions, correct_answers, wrong_answers, score, passed, time_taken_seconds) VALUES ('0349f9ad-4257-4cd6-a7d1-f82f8c165d83', '5b96c763-c976-4a35-8d27-17d9378a5f35', '2026-01-01 15:35:46.288746', NULL, 30, 0, 0, NULL, NULL, NULL);
INSERT INTO public.exam_sessions (id, student_id, started_at, completed_at, total_questions, correct_answers, wrong_answers, score, passed, time_taken_seconds) VALUES ('643a8896-9f56-4520-a4f6-43b811cf79ff', '5b96c763-c976-4a35-8d27-17d9378a5f35', '2026-01-01 18:10:48.415104', NULL, 30, 0, 0, NULL, NULL, NULL);



INSERT INTO public.exam_answers (id, exam_session_id, question_id, student_answer, is_correct, answered_at) VALUES ('abf9136c-eeed-47cd-b824-ea9a6a214359', '97dac4ab-f9ad-443b-828e-9c96baee2523', '4b65874a-9035-4a0b-a79f-1151e15d4b86', 'A', false, '2025-12-29 17:12:20.16317');
INSERT INTO public.exam_answers (id, exam_session_id, question_id, student_answer, is_correct, answered_at) VALUES ('c8d7af21-4b0c-48c3-b08a-bb473bcb2c7b', '97dac4ab-f9ad-443b-828e-9c96baee2523', 'a1f8b202-db5c-43f3-9b8f-884aa855e1ac', 'B', false, '2025-12-29 17:12:20.16317');
INSERT INTO public.exam_answers (id, exam_session_id, question_id, student_answer, is_correct, answered_at) VALUES ('8074c607-4c2f-4944-91ed-9d0fbe4e6823', '97dac4ab-f9ad-443b-828e-9c96baee2523', 'e6834d06-ddfc-4c4c-810e-1941c0ee0d3a', 'B', true, '2025-12-29 17:12:20.16317');
INSERT INTO public.exam_answers (id, exam_session_id, question_id, student_answer, is_correct, answered_at) VALUES ('1f7bd5b8-cb84-498e-aa09-24470f175deb', '97dac4ab-f9ad-443b-828e-9c96baee2523', '8458920c-991c-4145-9a05-2b467060a33e', 'A', false, '2025-12-29 17:12:20.16317');
INSERT INTO public.exam_answers (id, exam_session_id, question_id, student_answer, is_correct, answered_at) VALUES ('88adcf99-847c-49d6-a982-31e0762cefae', '97dac4ab-f9ad-443b-828e-9c96baee2523', '844c34bc-e4be-4f53-b536-dc6bfd85792b', 'A', false, '2025-12-29 17:12:20.16317');
INSERT INTO public.exam_answers (id, exam_session_id, question_id, student_answer, is_correct, answered_at) VALUES ('51c46551-3d92-4ff5-843e-acb355bcaaf5', '97dac4ab-f9ad-443b-828e-9c96baee2523', '77ccc9c1-9005-4f3d-b3ac-cec6ac33055c', 'B', true, '2025-12-29 17:12:20.16317');
INSERT INTO public.exam_answers (id, exam_session_id, question_id, student_answer, is_correct, answered_at) VALUES ('fb5e1ef1-b6ca-4a32-a861-af5a3c18747c', '97dac4ab-f9ad-443b-828e-9c96baee2523', '2dc8adad-c88d-4b48-90fd-1e8cc6c1fe80', 'B', true, '2025-12-29 17:12:20.16317');
INSERT INTO public.exam_answers (id, exam_session_id, question_id, student_answer, is_correct, answered_at) VALUES ('4ba3b08e-9ad9-4606-a4bc-910beb6379a3', '97dac4ab-f9ad-443b-828e-9c96baee2523', '373ab5ab-ff23-41b5-a597-c03f7198fd3b', 'B', false, '2025-12-29 17:12:20.16317');
INSERT INTO public.exam_answers (id, exam_session_id, question_id, student_answer, is_correct, answered_at) VALUES ('488ffd9e-c67b-448d-b53e-c9fadb8d8827', '97dac4ab-f9ad-443b-828e-9c96baee2523', '4988d5f7-74e9-4b29-a8f5-598c6c6855fe', 'A', true, '2025-12-29 17:12:20.16317');
INSERT INTO public.exam_answers (id, exam_session_id, question_id, student_answer, is_correct, answered_at) VALUES ('75baf621-87f3-4731-bd9f-0f6cf590b2b5', '97dac4ab-f9ad-443b-828e-9c96baee2523', '63e31d27-a85a-49b6-9db3-29e437415c3f', 'C', false, '2025-12-29 17:12:20.16317');
INSERT INTO public.exam_answers (id, exam_session_id, question_id, student_answer, is_correct, answered_at) VALUES ('edd93e7d-f66a-4285-b9aa-625200c19980', '97dac4ab-f9ad-443b-828e-9c96baee2523', 'f56969f7-f3db-4fa3-a783-ec5893cba4a6', 'C', true, '2025-12-29 17:12:20.16317');
INSERT INTO public.exam_answers (id, exam_session_id, question_id, student_answer, is_correct, answered_at) VALUES ('5bba263e-c868-4929-a4bf-b24d9d034292', '97dac4ab-f9ad-443b-828e-9c96baee2523', '15466cf8-12ac-4f58-a08a-315efb6e8ea9', 'C', false, '2025-12-29 17:12:20.16317');
INSERT INTO public.exam_answers (id, exam_session_id, question_id, student_answer, is_correct, answered_at) VALUES ('c8981b56-d8fa-418f-ae81-f5c187a703d1', '97dac4ab-f9ad-443b-828e-9c96baee2523', 'b7df8b45-2513-4bc8-aca4-44325672b798', 'C', true, '2025-12-29 17:12:20.16317');
INSERT INTO public.exam_answers (id, exam_session_id, question_id, student_answer, is_correct, answered_at) VALUES ('6bc68de2-8080-4ab8-b996-a1c008d4c5e1', '97dac4ab-f9ad-443b-828e-9c96baee2523', '3a0a211d-e355-405d-b113-36889b8aff3b', 'C', false, '2025-12-29 17:12:20.16317');
INSERT INTO public.exam_answers (id, exam_session_id, question_id, student_answer, is_correct, answered_at) VALUES ('52025885-7872-4e09-a055-2d9607b27de9', '97dac4ab-f9ad-443b-828e-9c96baee2523', '2c0601e6-6080-430b-989b-a626db7ebfcc', 'C', false, '2025-12-29 17:12:20.16317');
INSERT INTO public.exam_answers (id, exam_session_id, question_id, student_answer, is_correct, answered_at) VALUES ('bf1baea6-206d-466f-98c5-fae7c60a2211', '97dac4ab-f9ad-443b-828e-9c96baee2523', '6d751d51-aa27-4ae3-8045-311e0f07f6e4', 'C', false, '2025-12-29 17:12:20.16317');
INSERT INTO public.exam_answers (id, exam_session_id, question_id, student_answer, is_correct, answered_at) VALUES ('91ab3b29-b688-4c16-b557-12b7c5349ec7', '97dac4ab-f9ad-443b-828e-9c96baee2523', 'ba409617-9a60-42fc-9afe-6d32cf969a29', 'C', false, '2025-12-29 17:12:20.16317');
INSERT INTO public.exam_answers (id, exam_session_id, question_id, student_answer, is_correct, answered_at) VALUES ('0df0f4b3-ff4e-4fc8-a562-e28a16034ddd', '97dac4ab-f9ad-443b-828e-9c96baee2523', '9a8cee66-9995-4e08-a510-c65620af93f1', 'B', true, '2025-12-29 17:12:20.16317');
INSERT INTO public.exam_answers (id, exam_session_id, question_id, student_answer, is_correct, answered_at) VALUES ('a9e24465-edc0-40d0-a149-c391b9740d55', '97dac4ab-f9ad-443b-828e-9c96baee2523', 'b291c6f9-142d-4422-9150-991eb33a929d', 'C', false, '2025-12-29 17:12:20.16317');
INSERT INTO public.exam_answers (id, exam_session_id, question_id, student_answer, is_correct, answered_at) VALUES ('2f88c9d2-07c9-4ba0-9086-89eb0d92db5b', '97dac4ab-f9ad-443b-828e-9c96baee2523', '48877c55-460e-4229-ae85-21cdd0f089a3', 'B', true, '2025-12-29 17:12:20.16317');
INSERT INTO public.exam_answers (id, exam_session_id, question_id, student_answer, is_correct, answered_at) VALUES ('c003d8c6-132d-47f3-a558-98982f4d75f8', '97dac4ab-f9ad-443b-828e-9c96baee2523', '1d919845-cc74-478e-97c8-a6595a8e70a2', 'C', false, '2025-12-29 17:12:20.16317');
INSERT INTO public.exam_answers (id, exam_session_id, question_id, student_answer, is_correct, answered_at) VALUES ('0c3d0dad-adec-440d-a7dd-86cac9055edc', '97dac4ab-f9ad-443b-828e-9c96baee2523', '17cbb8f1-f070-402a-8a07-8118e0514357', 'C', true, '2025-12-29 17:12:20.16317');
INSERT INTO public.exam_answers (id, exam_session_id, question_id, student_answer, is_correct, answered_at) VALUES ('2247eb32-1aa3-4e3f-8fc2-f1cf67c96409', '97dac4ab-f9ad-443b-828e-9c96baee2523', '698ef8de-9212-44f6-9f42-9f51153e8be1', 'C', false, '2025-12-29 17:12:20.16317');
INSERT INTO public.exam_answers (id, exam_session_id, question_id, student_answer, is_correct, answered_at) VALUES ('423a2410-0d2c-460c-9807-39ae35dceee7', '97dac4ab-f9ad-443b-828e-9c96baee2523', 'a7770822-faaf-47ed-ae36-e53004b0f83a', 'B', true, '2025-12-29 17:12:20.16317');
INSERT INTO public.exam_answers (id, exam_session_id, question_id, student_answer, is_correct, answered_at) VALUES ('b71014ca-ee43-4285-ad7d-ee28102fd1f6', '97dac4ab-f9ad-443b-828e-9c96baee2523', '035435de-be80-4e4a-9385-638f60cc2f93', 'C', false, '2025-12-29 17:12:20.16317');
INSERT INTO public.exam_answers (id, exam_session_id, question_id, student_answer, is_correct, answered_at) VALUES ('fa1d885a-31f8-4146-bf7e-be87683707da', '97dac4ab-f9ad-443b-828e-9c96baee2523', '50677330-406f-44d0-8594-b7512519c29e', 'C', true, '2025-12-29 17:12:20.16317');
INSERT INTO public.exam_answers (id, exam_session_id, question_id, student_answer, is_correct, answered_at) VALUES ('38cfbb1b-390e-4b2a-ae0a-e3627f731883', '97dac4ab-f9ad-443b-828e-9c96baee2523', '6385d37c-9062-4e14-98de-8470a4400d41', 'C', false, '2025-12-29 17:12:20.16317');
INSERT INTO public.exam_answers (id, exam_session_id, question_id, student_answer, is_correct, answered_at) VALUES ('c7d83be6-025e-44bb-b872-1a87dd4f2dee', '97dac4ab-f9ad-443b-828e-9c96baee2523', '395940f9-f1cd-44c1-b740-9f64cc3836d3', 'C', false, '2025-12-29 17:12:20.16317');
INSERT INTO public.exam_answers (id, exam_session_id, question_id, student_answer, is_correct, answered_at) VALUES ('0983836e-e179-48ef-ba9f-1fc0603f0ec8', '97dac4ab-f9ad-443b-828e-9c96baee2523', 'cda20a88-dc59-468b-bca6-023cecbe64ae', 'C', false, '2025-12-29 17:12:20.16317');
INSERT INTO public.exam_answers (id, exam_session_id, question_id, student_answer, is_correct, answered_at) VALUES ('a2ba0053-0dac-4591-b1ab-fa6659dd0c38', '97dac4ab-f9ad-443b-828e-9c96baee2523', '4de2ac7f-465e-46a2-881d-270145ea2fb6', 'C', false, '2025-12-29 17:12:20.16317');
INSERT INTO public.exam_answers (id, exam_session_id, question_id, student_answer, is_correct, answered_at) VALUES ('8ba04e5f-a1fa-4ef3-bd37-0c96b60e9220', '6713e16e-37c1-4748-9dc0-20bb817f6fb8', '2dc8adad-c88d-4b48-90fd-1e8cc6c1fe80', 'A', false, '2025-12-29 18:17:48.977995');
INSERT INTO public.exam_answers (id, exam_session_id, question_id, student_answer, is_correct, answered_at) VALUES ('d58d6c75-28ef-4ac4-8014-16ec897b3ab9', '6713e16e-37c1-4748-9dc0-20bb817f6fb8', '37821ffe-21d2-4822-b0ec-45a4e94822e4', 'A', true, '2025-12-29 18:17:48.977995');
INSERT INTO public.exam_answers (id, exam_session_id, question_id, student_answer, is_correct, answered_at) VALUES ('ec4652d7-a73b-47f4-87ae-88ed7bc0fd14', '6713e16e-37c1-4748-9dc0-20bb817f6fb8', '7c277bdc-25be-464f-b6af-5776bd76fdaa', 'B', true, '2025-12-29 18:17:48.977995');
INSERT INTO public.exam_answers (id, exam_session_id, question_id, student_answer, is_correct, answered_at) VALUES ('288ee49c-7d84-4029-97c7-acbbffeb1054', '6713e16e-37c1-4748-9dc0-20bb817f6fb8', '431837dd-ac4f-4b1e-9a4e-d9bbb9ef021c', 'C', false, '2025-12-29 18:17:48.977995');
INSERT INTO public.exam_answers (id, exam_session_id, question_id, student_answer, is_correct, answered_at) VALUES ('3e16120f-0676-4b71-862e-ac9c7396be57', '6713e16e-37c1-4748-9dc0-20bb817f6fb8', '8458920c-991c-4145-9a05-2b467060a33e', 'B', true, '2025-12-29 18:17:48.977995');
INSERT INTO public.exam_answers (id, exam_session_id, question_id, student_answer, is_correct, answered_at) VALUES ('b7cc0cf0-571f-47ad-bffe-2bb8e6e20749', '6713e16e-37c1-4748-9dc0-20bb817f6fb8', '230bf9e7-818d-445a-acdd-9d668e516686', 'A', false, '2025-12-29 18:17:48.977995');
INSERT INTO public.exam_answers (id, exam_session_id, question_id, student_answer, is_correct, answered_at) VALUES ('fa9a6d2d-ab34-4fcc-9710-3faa93472af4', '6713e16e-37c1-4748-9dc0-20bb817f6fb8', 'f1e29da9-140a-427e-aa29-18bda16d79f3', 'B', false, '2025-12-29 18:17:48.977995');
INSERT INTO public.exam_answers (id, exam_session_id, question_id, student_answer, is_correct, answered_at) VALUES ('68a1258e-495d-4e94-b8b2-5640e1bf0714', '6713e16e-37c1-4748-9dc0-20bb817f6fb8', '83a10c0d-62ca-4ab1-8fc8-a95eb8d9483b', 'B', true, '2025-12-29 18:17:48.977995');
INSERT INTO public.exam_answers (id, exam_session_id, question_id, student_answer, is_correct, answered_at) VALUES ('92fcae02-d838-4d32-aff4-9c547159c1fe', '6713e16e-37c1-4748-9dc0-20bb817f6fb8', '2c0601e6-6080-430b-989b-a626db7ebfcc', 'C', false, '2025-12-29 18:17:48.977995');
INSERT INTO public.exam_answers (id, exam_session_id, question_id, student_answer, is_correct, answered_at) VALUES ('5097155b-347b-450d-84db-880c3de5dce1', '6713e16e-37c1-4748-9dc0-20bb817f6fb8', '60815d66-dc73-4ecd-ae62-3a73e38291c1', 'A', true, '2025-12-29 18:17:48.977995');
INSERT INTO public.exam_answers (id, exam_session_id, question_id, student_answer, is_correct, answered_at) VALUES ('98f7f9d7-2500-498e-accf-fb4355e6ac1f', '6713e16e-37c1-4748-9dc0-20bb817f6fb8', 'd3a5f282-c444-4137-81ae-f6770a89dd00', 'B', true, '2025-12-29 18:17:48.977995');
INSERT INTO public.exam_answers (id, exam_session_id, question_id, student_answer, is_correct, answered_at) VALUES ('ac5ec371-f54a-4c12-9733-417784311cce', '6713e16e-37c1-4748-9dc0-20bb817f6fb8', '7b8bc33b-1be1-4117-8b77-5e8873b3cb3c', 'A', false, '2025-12-29 18:17:48.977995');
INSERT INTO public.exam_answers (id, exam_session_id, question_id, student_answer, is_correct, answered_at) VALUES ('f492e547-b663-4300-8230-790f7126818a', '6713e16e-37c1-4748-9dc0-20bb817f6fb8', '9a8cee66-9995-4e08-a510-c65620af93f1', 'B', true, '2025-12-29 18:17:48.977995');
INSERT INTO public.exam_answers (id, exam_session_id, question_id, student_answer, is_correct, answered_at) VALUES ('2bf97cde-3fd5-4d64-8be5-8209a9125bb5', '6713e16e-37c1-4748-9dc0-20bb817f6fb8', 'db6bdc84-6998-45e2-8762-49842e51a413', 'B', false, '2025-12-29 18:17:48.977995');
INSERT INTO public.exam_answers (id, exam_session_id, question_id, student_answer, is_correct, answered_at) VALUES ('7c7ec004-b8bc-4e68-9528-f11efe6766e7', '6713e16e-37c1-4748-9dc0-20bb817f6fb8', '5b391ee5-2e9a-4da9-94a0-6e524d9cb6eb', 'B', true, '2025-12-29 18:17:48.977995');
INSERT INTO public.exam_answers (id, exam_session_id, question_id, student_answer, is_correct, answered_at) VALUES ('78ee3678-fde9-4182-b403-6d8431376dce', '6713e16e-37c1-4748-9dc0-20bb817f6fb8', 'fb7a1ef5-7df8-4804-8500-37c08b0e1d2a', 'B', true, '2025-12-29 18:17:48.977995');
INSERT INTO public.exam_answers (id, exam_session_id, question_id, student_answer, is_correct, answered_at) VALUES ('167ae2cb-64e0-4f21-be3e-12f5fa466f66', '6713e16e-37c1-4748-9dc0-20bb817f6fb8', '31c4bfae-da7a-428b-9431-44679a858d22', 'B', true, '2025-12-29 18:17:48.977995');
INSERT INTO public.exam_answers (id, exam_session_id, question_id, student_answer, is_correct, answered_at) VALUES ('e381305e-ae2f-4b25-a5c1-fd914cec2798', '6713e16e-37c1-4748-9dc0-20bb817f6fb8', '1d4509e3-2998-4648-8333-51b8bea48790', 'B', true, '2025-12-29 18:17:48.977995');
INSERT INTO public.exam_answers (id, exam_session_id, question_id, student_answer, is_correct, answered_at) VALUES ('809cea02-8518-4825-a61d-01a9122e8d95', '6713e16e-37c1-4748-9dc0-20bb817f6fb8', '1592bad8-abaf-462f-a664-b7ba590fd49a', 'B', false, '2025-12-29 18:17:48.977995');
INSERT INTO public.exam_answers (id, exam_session_id, question_id, student_answer, is_correct, answered_at) VALUES ('000f9f9b-0b80-452a-b46c-f1a761409a8e', '6713e16e-37c1-4748-9dc0-20bb817f6fb8', '55637498-0904-4ca6-bb05-ee1251168222', 'B', true, '2025-12-29 18:17:48.977995');
INSERT INTO public.exam_answers (id, exam_session_id, question_id, student_answer, is_correct, answered_at) VALUES ('d360cbf8-cf7d-40ce-894a-88e7f039feb0', '6713e16e-37c1-4748-9dc0-20bb817f6fb8', 'bd85b957-c6d7-47d7-acd8-25fc80d27661', 'B', true, '2025-12-29 18:17:48.977995');
INSERT INTO public.exam_answers (id, exam_session_id, question_id, student_answer, is_correct, answered_at) VALUES ('9380c916-470a-43ac-a96a-3d8061b654f2', '6713e16e-37c1-4748-9dc0-20bb817f6fb8', '8d666407-28a5-449f-9aa5-77e0e212b303', 'B', true, '2025-12-29 18:17:48.977995');
INSERT INTO public.exam_answers (id, exam_session_id, question_id, student_answer, is_correct, answered_at) VALUES ('891dd607-ed1d-4214-ae37-8c0633dfb47e', '6713e16e-37c1-4748-9dc0-20bb817f6fb8', '2815c928-1119-45ff-b22b-ce47afd7516a', 'B', true, '2025-12-29 18:17:48.977995');
INSERT INTO public.exam_answers (id, exam_session_id, question_id, student_answer, is_correct, answered_at) VALUES ('1224d8f4-8ade-49a3-82e7-9d279b3eb54f', '6713e16e-37c1-4748-9dc0-20bb817f6fb8', '77ccc9c1-9005-4f3d-b3ac-cec6ac33055c', 'B', true, '2025-12-29 18:17:48.977995');
INSERT INTO public.exam_answers (id, exam_session_id, question_id, student_answer, is_correct, answered_at) VALUES ('281b6767-0131-460b-9159-d8ac9bde6338', '6713e16e-37c1-4748-9dc0-20bb817f6fb8', '25166c2c-8643-45a4-a973-c6c5ae9e4e59', 'B', true, '2025-12-29 18:17:48.977995');
INSERT INTO public.exam_answers (id, exam_session_id, question_id, student_answer, is_correct, answered_at) VALUES ('31722fd8-cb1f-4b44-b0bb-91700edfd746', '6713e16e-37c1-4748-9dc0-20bb817f6fb8', '035435de-be80-4e4a-9385-638f60cc2f93', 'B', false, '2025-12-29 18:17:48.977995');
INSERT INTO public.exam_answers (id, exam_session_id, question_id, student_answer, is_correct, answered_at) VALUES ('5b6b8482-d4e6-4345-9f95-a58a38276943', '6713e16e-37c1-4748-9dc0-20bb817f6fb8', '4b65874a-9035-4a0b-a79f-1151e15d4b86', 'B', true, '2025-12-29 18:17:48.977995');
INSERT INTO public.exam_answers (id, exam_session_id, question_id, student_answer, is_correct, answered_at) VALUES ('078815d7-c666-4cac-bbad-aa97cb90a19c', '6713e16e-37c1-4748-9dc0-20bb817f6fb8', '741e317a-a4e7-4b62-934a-cb6cbe87996d', 'B', false, '2025-12-29 18:17:48.977995');
INSERT INTO public.exam_answers (id, exam_session_id, question_id, student_answer, is_correct, answered_at) VALUES ('3d51dd19-05b9-4834-a8d6-5fc0961a49c8', '6713e16e-37c1-4748-9dc0-20bb817f6fb8', '2a369a71-84fc-47ff-9078-6713f3215514', 'B', true, '2025-12-29 18:17:48.977995');
INSERT INTO public.exam_answers (id, exam_session_id, question_id, student_answer, is_correct, answered_at) VALUES ('c4988b9f-91cb-45a7-8668-ebaaf5d1bf45', '6713e16e-37c1-4748-9dc0-20bb817f6fb8', 'e6fe2ef3-fcc6-4758-ba85-13fdbf665d44', 'B', true, '2025-12-29 18:17:48.977995');
INSERT INTO public.exam_answers (id, exam_session_id, question_id, student_answer, is_correct, answered_at) VALUES ('82cd2148-c688-4c8c-9d01-512fb80ac0c3', '57feb598-af50-4fa5-892e-164bfbe7a240', '55637498-0904-4ca6-bb05-ee1251168222', 'A', false, '2025-12-31 14:36:03.350908');
INSERT INTO public.exam_answers (id, exam_session_id, question_id, student_answer, is_correct, answered_at) VALUES ('0cf8d833-274a-43e3-864a-3ce0883d8747', '57feb598-af50-4fa5-892e-164bfbe7a240', 'db6bdc84-6998-45e2-8762-49842e51a413', 'B', false, '2025-12-31 14:36:03.350908');
INSERT INTO public.exam_answers (id, exam_session_id, question_id, student_answer, is_correct, answered_at) VALUES ('d1320760-ade1-4a5e-8cf1-099e8576df5f', '57feb598-af50-4fa5-892e-164bfbe7a240', '49a6cef8-f9a6-42aa-ad7d-da47b5c29cff', 'B', false, '2025-12-31 14:36:03.350908');
INSERT INTO public.exam_answers (id, exam_session_id, question_id, student_answer, is_correct, answered_at) VALUES ('dd31006b-4f4c-4397-b50b-ec54033f6277', '57feb598-af50-4fa5-892e-164bfbe7a240', '2b6dbb6a-97ed-4153-8f11-76882aa35307', 'A', true, '2025-12-31 14:36:03.350908');
INSERT INTO public.exam_answers (id, exam_session_id, question_id, student_answer, is_correct, answered_at) VALUES ('284b67a8-e3ef-4d6f-8008-a779dd9c6c05', '57feb598-af50-4fa5-892e-164bfbe7a240', '821dd215-95b2-4dd0-a9f8-c1747f71d4ae', 'B', true, '2025-12-31 14:36:03.350908');
INSERT INTO public.exam_answers (id, exam_session_id, question_id, student_answer, is_correct, answered_at) VALUES ('baf922f0-8c83-4f88-9fae-0e1220c93def', '57feb598-af50-4fa5-892e-164bfbe7a240', 'cddd61c4-b83e-4893-838b-4c7704b0d612', 'B', false, '2025-12-31 14:36:03.350908');
INSERT INTO public.exam_answers (id, exam_session_id, question_id, student_answer, is_correct, answered_at) VALUES ('28df955d-adb4-42e2-8114-2f666142daf3', '57feb598-af50-4fa5-892e-164bfbe7a240', 'a3e9a07d-b2fd-4838-a049-0fd238e8cce3', 'C', true, '2025-12-31 14:36:03.350908');
INSERT INTO public.exam_answers (id, exam_session_id, question_id, student_answer, is_correct, answered_at) VALUES ('00f8afde-8ef3-40de-8b8d-e79ae0a2f6d1', '57feb598-af50-4fa5-892e-164bfbe7a240', 'e6cc41b6-e693-47bc-8a12-7b15138c2c79', 'C', false, '2025-12-31 14:36:03.350908');
INSERT INTO public.exam_answers (id, exam_session_id, question_id, student_answer, is_correct, answered_at) VALUES ('bc015273-7be3-4cb7-88ad-89bdc3419b35', '57feb598-af50-4fa5-892e-164bfbe7a240', 'ca9c47e6-5f7f-483f-a264-ce80b6735a0e', 'B', false, '2025-12-31 14:36:03.350908');
INSERT INTO public.exam_answers (id, exam_session_id, question_id, student_answer, is_correct, answered_at) VALUES ('161a7747-a2a0-46fa-bd71-023129097592', '57feb598-af50-4fa5-892e-164bfbe7a240', '3c9f7460-5b58-4d41-bc44-94441c557411', 'B', false, '2025-12-31 14:36:03.350908');
INSERT INTO public.exam_answers (id, exam_session_id, question_id, student_answer, is_correct, answered_at) VALUES ('73df8855-d974-402b-8213-2219ce64fd35', '57feb598-af50-4fa5-892e-164bfbe7a240', '13feaa27-58b4-4c32-999a-8dc0d2e55ef9', 'B', true, '2025-12-31 14:36:03.350908');
INSERT INTO public.exam_answers (id, exam_session_id, question_id, student_answer, is_correct, answered_at) VALUES ('d794ffc1-8813-4274-83a6-59ea68f3f425', '57feb598-af50-4fa5-892e-164bfbe7a240', '8d666407-28a5-449f-9aa5-77e0e212b303', 'B', true, '2025-12-31 14:36:03.350908');
INSERT INTO public.exam_answers (id, exam_session_id, question_id, student_answer, is_correct, answered_at) VALUES ('28bb16f3-f990-43d2-8a50-aebb4fb1f2a5', '57feb598-af50-4fa5-892e-164bfbe7a240', '741e317a-a4e7-4b62-934a-cb6cbe87996d', 'B', false, '2025-12-31 14:36:03.350908');
INSERT INTO public.exam_answers (id, exam_session_id, question_id, student_answer, is_correct, answered_at) VALUES ('0d90154c-4a92-4886-a363-78336ecf72f3', '57feb598-af50-4fa5-892e-164bfbe7a240', 'da49b2b0-6ed6-416a-bec7-b49b37af4734', 'B', true, '2025-12-31 14:36:03.350908');
INSERT INTO public.exam_answers (id, exam_session_id, question_id, student_answer, is_correct, answered_at) VALUES ('423aa506-f831-402b-b5d2-9ca1cfe41ea1', '57feb598-af50-4fa5-892e-164bfbe7a240', 'b1d6b18d-59ee-4f7b-af53-00fe3f1f2bee', 'B', false, '2025-12-31 14:36:03.350908');
INSERT INTO public.exam_answers (id, exam_session_id, question_id, student_answer, is_correct, answered_at) VALUES ('075f12fe-1f16-4a8e-9205-602577eacb42', '57feb598-af50-4fa5-892e-164bfbe7a240', 'ff61cdce-3139-48ba-b442-53322792554a', 'B', true, '2025-12-31 14:36:03.350908');
INSERT INTO public.exam_answers (id, exam_session_id, question_id, student_answer, is_correct, answered_at) VALUES ('76a1acef-b0ba-4a24-8075-eb43c8333e03', '57feb598-af50-4fa5-892e-164bfbe7a240', '373ab5ab-ff23-41b5-a597-c03f7198fd3b', 'B', false, '2025-12-31 14:36:03.350908');
INSERT INTO public.exam_answers (id, exam_session_id, question_id, student_answer, is_correct, answered_at) VALUES ('64025083-4444-4db8-a668-85fdfc5f5e03', '57feb598-af50-4fa5-892e-164bfbe7a240', 'db1f4596-6fc1-4075-a70e-643f4a9ea414', 'B', false, '2025-12-31 14:36:03.350908');
INSERT INTO public.exam_answers (id, exam_session_id, question_id, student_answer, is_correct, answered_at) VALUES ('c93e7ba2-2773-49d1-a99c-58403763bd85', '57feb598-af50-4fa5-892e-164bfbe7a240', '54045dbe-5a5c-49cb-a083-f6e345f52a9c', 'B', false, '2025-12-31 14:36:03.350908');
INSERT INTO public.exam_answers (id, exam_session_id, question_id, student_answer, is_correct, answered_at) VALUES ('826fe86a-548a-4d91-8872-b1195b6a1d42', '57feb598-af50-4fa5-892e-164bfbe7a240', '6bf850d0-4683-4da5-9f57-8ccd14d1393f', 'B', false, '2025-12-31 14:36:03.350908');
INSERT INTO public.exam_answers (id, exam_session_id, question_id, student_answer, is_correct, answered_at) VALUES ('531bb2b3-cf24-4b79-b137-8eb988c5de22', '57feb598-af50-4fa5-892e-164bfbe7a240', '7fcc80ee-a0ea-48fb-85c6-eb2b342dd33f', 'B', true, '2025-12-31 14:36:03.350908');
INSERT INTO public.exam_answers (id, exam_session_id, question_id, student_answer, is_correct, answered_at) VALUES ('f547aa54-6b41-4a40-820d-d037871ef976', '57feb598-af50-4fa5-892e-164bfbe7a240', '52c5633b-0f72-477d-857f-51d47155cb92', 'B', true, '2025-12-31 14:36:03.350908');
INSERT INTO public.exam_answers (id, exam_session_id, question_id, student_answer, is_correct, answered_at) VALUES ('046a99ad-8c4a-4d1b-be9d-f4d458abb018', '57feb598-af50-4fa5-892e-164bfbe7a240', 'ce901980-3292-4431-b3fa-5cfcd17d47ac', 'B', false, '2025-12-31 14:36:03.350908');
INSERT INTO public.exam_answers (id, exam_session_id, question_id, student_answer, is_correct, answered_at) VALUES ('7cc0cbe6-2c8d-4502-a880-2ee4a151c3f1', '57feb598-af50-4fa5-892e-164bfbe7a240', 'b7df8b45-2513-4bc8-aca4-44325672b798', 'B', false, '2025-12-31 14:36:03.350908');
INSERT INTO public.exam_answers (id, exam_session_id, question_id, student_answer, is_correct, answered_at) VALUES ('0d157fc2-0c51-422b-8e4d-9fa968128f08', '57feb598-af50-4fa5-892e-164bfbe7a240', 'e4c98be6-37d2-4b2c-9199-deaac3b0759b', 'B', false, '2025-12-31 14:36:03.350908');
INSERT INTO public.exam_answers (id, exam_session_id, question_id, student_answer, is_correct, answered_at) VALUES ('821b2313-61de-4df4-96f4-4dcce0549f49', '57feb598-af50-4fa5-892e-164bfbe7a240', 'a89d0468-c146-4168-8f22-21343a5d426a', 'B', false, '2025-12-31 14:36:03.350908');
INSERT INTO public.exam_answers (id, exam_session_id, question_id, student_answer, is_correct, answered_at) VALUES ('45b24b01-b23c-4184-b54c-8198e936cf4e', '57feb598-af50-4fa5-892e-164bfbe7a240', '77ccc9c1-9005-4f3d-b3ac-cec6ac33055c', 'B', true, '2025-12-31 14:36:03.350908');
INSERT INTO public.exam_answers (id, exam_session_id, question_id, student_answer, is_correct, answered_at) VALUES ('01272bc4-bff2-4ff1-82b9-a9fdcb8c555f', '57feb598-af50-4fa5-892e-164bfbe7a240', '05d858d7-f42f-4b40-87d3-5f12df701668', 'B', false, '2025-12-31 14:36:03.350908');
INSERT INTO public.exam_answers (id, exam_session_id, question_id, student_answer, is_correct, answered_at) VALUES ('896cc26c-1bc8-4839-b95f-8053857022f9', '57feb598-af50-4fa5-892e-164bfbe7a240', '698ef8de-9212-44f6-9f42-9f51153e8be1', 'B', true, '2025-12-31 14:36:03.350908');
INSERT INTO public.exam_answers (id, exam_session_id, question_id, student_answer, is_correct, answered_at) VALUES ('307bb963-72b0-4b16-b055-ff2a0b89d2c7', '57feb598-af50-4fa5-892e-164bfbe7a240', '36006064-8054-4e5e-a0a6-0166659fb850', 'B', false, '2025-12-31 14:36:03.350908');



INSERT INTO public.revenue_tracking (id, student_id, school_id, school_revenue, platform_revenue, total_amount, created_at) VALUES ('adfddc7e-431d-4e9e-af04-c21034726a50', '081c6e43-6353-464f-a7a0-df133b59651d', '00000000-0000-0000-0000-000000000000', 20.00, 30.00, 50.00, '2025-12-30 11:44:23.422035');



INSERT INTO public.school_student_requests (id, student_id, school_id, status, requested_at, reviewed_at, reviewed_by, rejection_reason, school_name) VALUES ('d814e6e3-7f4c-4c34-8ba6-e78a6d0e955e', '5b96c763-c976-4a35-8d27-17d9378a5f35', '00000000-0000-0000-0000-000000000000', 'approved', '2025-12-28 19:19:02.173439', '2025-12-29 16:22:00.465446', NULL, NULL, 'nabeul autoecole');
INSERT INTO public.school_student_requests (id, student_id, school_id, status, requested_at, reviewed_at, reviewed_by, rejection_reason, school_name) VALUES ('abc124de-2f62-40f6-a038-8d0a1f085084', '081c6e43-6353-464f-a7a0-df133b59651d', '00000000-0000-0000-0000-000000000000', 'approved', '2025-12-30 11:44:23.422035', '2025-12-30 11:44:23.422035', NULL, NULL, 'nabeul auto ecole');



INSERT INTO public.schools (id, user_id, name, total_students, total_earned, total_owed_to_platform, active) VALUES ('16d8b5ac-dca9-4398-b304-648a56c2d216', '61826f30-5241-498b-8038-86a20b4efa51', 'Nabeul auto-ecole', 0, 0, 0, true);



INSERT INTO public.student_course_access (id, student_id, course_id, access_type, payment_date, payment_amount, payment_method, granted_at, expires_at) VALUES (1, '081c6e43-6353-464f-a7a0-df133b59651d', 1, 'free', NULL, NULL, NULL, '2025-12-30 11:44:23.422035', NULL);












SELECT pg_catalog.setval('public.course_bookmarks_id_seq', 1, false);



SELECT pg_catalog.setval('public.course_chapters_id_seq', 5, true);



SELECT pg_catalog.setval('public.courses_id_seq', 1, true);



SELECT pg_catalog.setval('public.student_course_access_id_seq', 1, true);



SELECT pg_catalog.setval('public.student_course_progress_id_seq', 1, false);






